{"type":"FeatureCollection","features":[{"type":"Feature","properties":{"u":"m","e":1},"geometry":{"type":"MultiLineString","coordinates":[[[69.1513,41.3528],[69.1516,41.3532]],[[69.1516,41.3532],[69.1603,41.3654]],[[69.092,41.151],[69.0909,41.1495]],[[69.3121,41.3183],[69.3123,41.3189]],[[69.3132,41.3219],[69.3124,41.3191]],[[69.3135,41.322],[69.3138,41.3229]],[[69.3135,41.3229],[69.3132,41.3219]],[[69.314,41.332],[69.3136,41.3324]],[[69.3137,41.3319],[69.3135,41.3323]],[[69.3135,41.3323],[69.3119,41.3347]],[[69.287,41.3491],[69.2933,41.3499],[69.2979,41.3478]],[[69.2983,41.3476],[69.2988,41.3473]],[[69.36,41.3593],[69.354,41.3548]],[[69.216,41.2535],[69.2166,41.2539]],[[69.2166,41.2539],[69.2335,41.2617]],[[69.1726,41.2183],[69.1727,41.2186]],[[69.1727,41.2186],[69.1796,41.228]],[[69.3019,41.3071],[69.2975,41.3018],[69.2985,41.2995],[69.3014,41.2986]],[[69.2339,41.0257],[69.2329,41.0296],[69.2409,41.0724]],[[69.2345,41.0248],[69.2339,41.0257]],[[69.2629,41.0098],[69.2624,41.0098]],[[69.2624,41.0098],[69.246,41.008],[69.2386,41.0047],[69.2355,41.0066],[69.2355,41.0128]],[[69.421,40.989],[69.4206,40.9891]],[[69.4206,40.9891],[69.4189,40.9892]],[[69.2576,41.1617],[69.2584,41.1662]],[[69.2363,41.2628],[69.2264,41.2585]],[[69.3018,41.3071],[69.3024,41.3075]],[[69.3057,41.3096],[69.3024,41.3075]],[[69.561,41.4405],[69.5358,41.4231]],[[69.6371,41.5213],[69.6326,41.5184],[69.6201,41.5048]],[[66.2334,39.3841],[66.2426,39.4054],[66.2489,39.4133]],[[67.4357,39.9874],[67.4424,39.9772],[67.4479,39.9733],[67.4516,39.9663],[67.4502,39.9635],[67.4426,39.9598],[67.4411,39.9526],[67.4433,39.946]],[[67.055,39.6909],[67.0488,39.6906],[67.035,39.6967],[67.0267,39.6973],[67.0044,39.6955],[66.9956,39.6884],[66.9887,39.6879]],[[68.7562,40.5232],[68.7564,40.5227]],[[68.7313,40.6052],[68.7562,40.5232]],[[68.6693,40.9237],[68.6659,40.9212]],[[71.642,40.4193],[71.6852,40.4328]],[[69.4251,40.9881],[69.421,40.989]],[[71.0523,40.6962],[71.062,40.7071]],[[71.0523,40.6962],[71.0484,40.6894]],[[72.3157,40.8583],[72.317,40.8577]],[[72.3271,40.8531],[72.3386,40.8476]],[[71.062,40.7071],[71.0623,40.7075]],[[71.1537,40.4636],[71.1837,40.4607]],[[71.1533,40.4636],[71.1537,40.4636]],[[70.9089,40.5388],[70.9171,40.5254],[70.9341,40.5153]],[[70.9086,40.5393],[70.9089,40.5388]],[[69.6133,41.4953],[69.6129,41.4948]],[[69.6129,41.4948],[69.5927,41.4735],[69.5898,41.4668]],[[69.3117,41.335],[69.3119,41.3346]],[[67.2958,37.2523],[67.3078,37.2577],[67.3436,37.2967],[67.3748,37.3198]],[[61.2693,41.2867],[61.2779,41.2877]],[[69.2829,41.2883],[69.2826,41.2881]],[[72.3154,40.7353],[72.2754,40.7055]],[[72.3599,40.7726],[72.3593,40.772]],[[69.2564,41.1915],[69.2544,41.1928]],[[69.2544,41.1928],[69.2495,41.1966]],[[69.7475,41.5748],[69.7603,41.5748]],[[69.7631,41.5736],[69.7643,41.5727]],[[69.7618,41.5744],[69.7631,41.5736]],[[69.7696,41.5691],[69.7727,41.568]],[[69.7694,41.5692],[69.7696,41.5691]],[[69.3119,41.3347],[69.3117,41.335]],[[69.3117,41.335],[69.3061,41.3432]],[[69.2689,41.2731],[69.277,41.2821]],[[69.3396,41.3546],[69.3225,41.3408],[69.3211,41.3369]],[[69.3742,41.3613],[69.3663,41.3623]],[[69.1801,41.2285],[69.1892,41.2371]],[[69.1796,41.228],[69.1801,41.2285]],[[71.0623,40.7075],[71.076,40.7287]],[[71.0456,40.6845],[71.0395,40.6762],[71.0283,40.6664]],[[71.0458,40.6848],[71.0456,40.6845]],[[67.0569,39.6913],[67.055,39.6909]],[[69.2974,41.2645],[69.2935,41.2652],[69.2852,41.2712],[69.2785,41.2705]],[[69.118,41.1831],[69.1196,41.1797],[69.1258,41.1791],[69.148,41.1955]],[[69.4319,41.3778],[69.4285,41.3762]],[[69.4542,41.3885],[69.4319,41.3778]],[[69.0076,41.0665],[69.0004,41.062]],[[69.0152,41.0713],[69.0076,41.0665]],[[69.031,41.0839],[69.0152,41.0713]],[[69.0455,41.0967],[69.031,41.0839]],[[69.0881,41.1454],[69.0846,41.1405]],[[69.0909,41.1495],[69.0881,41.1454]],[[69.0962,41.1564],[69.0922,41.1514]],[[69.0997,41.1592],[69.0962,41.1564]],[[69.6922,41.5519],[69.6842,41.5475]],[[69.7257,41.5678],[69.7207,41.5656]],[[69.2363,41.2626],[69.2366,41.2627]],[[69.2688,41.2731],[69.2621,41.2675],[69.2366,41.2629]],[[69.2366,41.2629],[69.2363,41.2628]],[[69.1162,41.1768],[69.1179,41.1831]],[[69.118,41.1854],[69.1181,41.203]],[[69.1168,41.2067],[69.1166,41.2071]],[[69.1181,41.203],[69.1168,41.2067]],[[69.1166,41.2071],[69.1149,41.2148]],[[69.1149,41.2148],[69.113,41.2309],[69.1107,41.235]],[[69.128,41.3099],[69.133,41.3158]],[[69.1475,41.345],[69.1475,41.3452]],[[69.1466,41.3424],[69.1475,41.345]],[[69.1487,41.3487],[69.1513,41.3528]],[[69.1603,41.3654],[69.1661,41.3719]],[[69.1934,41.4084],[69.1934,41.4089]],[[69.1934,41.4089],[69.1912,41.4153]],[[69.1795,41.4409],[69.1832,41.4384],[69.1867,41.4309]],[[69.2769,41.3507],[69.287,41.3491]],[[69.2466,41.2047],[69.2454,41.2129]],[[69.2485,41.198],[69.2475,41.2002]],[[69.2593,41.1709],[69.2615,41.1845],[69.2564,41.1915]],[[69.2593,41.1707],[69.2593,41.1709]],[[69.2409,41.0726],[69.2429,41.0835]],[[69.3474,41.0048],[69.31,41.0144],[69.292,41.013]],[[69.8609,41.5943],[69.8461,41.5871]],[[69.7475,41.5748],[69.7471,41.5747]],[[69.0922,41.1514],[69.092,41.151]],[[69.2976,41.2645],[69.2974,41.2645]],[[69.1783,41.38],[69.1789,41.3804]],[[69.1781,41.3798],[69.1783,41.38]],[[69.1331,41.3159],[69.1367,41.3201]],[[69.133,41.3158],[69.1331,41.3159]],[[69.1475,41.3452],[69.1486,41.3485]],[[69.1486,41.3485],[69.1487,41.3487]],[[69.1726,41.3761],[69.1729,41.3763]],[[69.1729,41.3763],[69.1781,41.3798]],[[69.1908,41.4162],[69.1909,41.4161]],[[69.1179,41.1834],[69.118,41.1854]],[[69.1107,41.235],[69.1101,41.2358]],[[69.1101,41.2358],[69.1088,41.2446],[69.1119,41.2551],[69.1157,41.2797]],[[70.0888,41.0016],[70.0829,40.999]],[[70.0706,40.9936],[70.0527,40.9896]],[[70.0527,40.9896],[70.0506,40.9892]],[[70.0195,40.9788],[70.0164,40.9781]],[[70.015,40.9777],[70.0018,40.9746]],[[69.9974,40.971],[69.9819,40.9664]],[[69.9819,40.9664],[69.9815,40.9663]],[[69.9815,40.9663],[69.9525,40.9587],[69.9407,40.9514]],[[69.8656,40.9352],[69.8368,40.928],[69.8321,40.9244]],[[69.8321,40.9244],[69.8309,40.9234]],[[69.8249,40.9194],[69.8183,40.9154]],[[69.8183,40.9154],[69.8181,40.9153]],[[69.8181,40.9153],[69.8101,40.911],[69.7975,40.9081],[69.794,40.9087]],[[69.794,40.9087],[69.7828,40.914]],[[69.7828,40.914],[69.7785,40.9158],[69.7692,40.9162]],[[69.7265,40.9067],[69.6912,40.8992],[69.6708,40.8998]],[[69.6708,40.8998],[69.6696,40.8999]],[[69.6696,40.8999],[69.6589,40.9002],[69.6524,40.9068]],[[69.6154,40.9212],[69.5971,40.9243]],[[69.4189,40.9892],[69.4188,40.9892]],[[69.4188,40.9892],[69.4128,40.9898]],[[69.3136,41.3229],[69.3151,41.3284],[69.3137,41.3319]],[[69.2474,41.2004],[69.2474,41.2006]],[[69.2475,41.2002],[69.2474,41.2004]],[[69.25,41.1211],[69.2532,41.1383]],[[69.25,41.121],[69.25,41.1211]],[[66.988,39.688],[66.9887,39.6879]],[[69.3824,41.3633],[69.3742,41.3613]],[[69.194,41.4084],[69.1943,41.4088]],[[69.1943,41.4088],[69.2002,41.4092]],[[69.1926,41.4053],[69.1937,41.4084]],[[69.1937,41.4084],[69.1939,41.4088]],[[69.1939,41.4088],[69.1936,41.4111]],[[69.1157,41.2799],[69.1162,41.2821]],[[69.1157,41.2797],[69.1157,41.2799]],[[69.1892,41.2371],[69.2147,41.2528]],[[69.6799,41.5451],[69.6374,41.5215]],[[69.6201,41.5048],[69.6133,41.4953]],[[69.5751,41.4461],[69.5651,41.4433],[69.5615,41.4409]],[[69.5207,41.4155],[69.5113,41.4122]],[[69.4933,41.4049],[69.4875,41.4025]],[[69.354,41.3548],[69.3446,41.356]],[[68.7906,40.9496],[68.7904,40.9496]],[[68.7963,40.9503],[68.7906,40.9496]],[[68.7017,40.9342],[68.7113,40.937]],[[69.1542,40.2183],[69.1097,40.2226]],[[69.1561,40.218],[69.1542,40.2183]],[[68.656,40.91],[68.6537,40.9052],[68.6522,40.8869],[68.6745,40.8202],[68.6847,40.7617]],[[67.9785,40.0919],[67.9788,40.0919]],[[67.964,40.0917],[67.9785,40.0919]],[[67.9494,40.0926],[67.9497,40.0926]],[[67.465,40.0223],[67.4483,40.0226]],[[67.5171,40.0203],[67.465,40.0223]],[[67.4483,40.0226],[67.4197,40.0209]],[[67.6348,40.0388],[67.6255,40.0384],[67.6159,40.0336]],[[67.7176,40.084],[67.6989,40.0774],[67.6909,40.0717],[67.6831,40.0723],[67.6573,40.0695]],[[67.7694,40.0935],[67.7391,40.0911]],[[67.7391,40.0911],[67.7389,40.0911]],[[67.7389,40.0911],[67.7326,40.0903],[67.7176,40.084]],[[67.6351,40.0389],[67.6348,40.0388]],[[67.5462,40.0232],[67.5457,40.0231]],[[67.5457,40.0231],[67.5171,40.0203]],[[67.9497,40.0926],[67.958,40.0932],[67.964,40.0917]],[[68.0219,40.0932],[68.0522,40.0904]],[[68.0565,40.0892],[68.0796,40.0809]],[[68.0796,40.0809],[68.0822,40.08]],[[68.0822,40.08],[68.0913,40.0792]],[[68.0913,40.0792],[68.0995,40.0791]],[[68.0995,40.0791],[68.1075,40.0787]],[[68.1075,40.0787],[68.1131,40.0783]],[[68.1131,40.0783],[68.117,40.078]],[[68.117,40.078],[68.1517,40.0757]],[[68.184,40.0727],[68.1986,40.0705]],[[68.2086,40.0682],[68.2205,40.0655]],[[68.3107,40.0572],[68.3252,40.0605]],[[68.2292,40.0644],[68.2546,40.0601]],[[68.2546,40.0601],[68.2549,40.06]],[[68.2703,40.0551],[68.2795,40.0539],[68.2991,40.056]],[[68.2991,40.056],[68.2992,40.056]],[[68.3252,40.0605],[68.3253,40.0606]],[[68.3722,40.0792],[68.3866,40.0854]],[[68.3562,40.0725],[68.3618,40.0748]],[[68.3618,40.0748],[68.3619,40.0749]],[[68.3915,40.0873],[68.3918,40.0874]],[[68.9243,40.2173],[68.9824,40.2236]],[[69.0532,40.2271],[69.0491,40.2276]],[[69.0535,40.227],[69.0532,40.2271]],[[69.0808,40.2241],[69.0641,40.2255]],[[66.8515,39.6957],[66.8014,39.7033],[66.7929,39.7018]],[[66.9208,39.6869],[66.9167,39.6873]],[[66.95,39.6869],[66.9621,39.6877]],[[67.1097,39.7024],[67.0922,39.6972],[67.0755,39.6948]],[[67.1984,39.7314],[67.11,39.7025]],[[66.3931,39.7823],[66.3903,39.7871],[66.3753,39.7993]],[[67.2934,39.7721],[67.2929,39.7719]],[[67.2728,39.7653],[67.2608,39.7618],[67.2426,39.7502]],[[67.2426,39.7502],[67.2423,39.75]],[[67.2423,39.75],[67.2326,39.7455]],[[67.2326,39.7455],[67.2324,39.7454]],[[67.2324,39.7454],[67.2238,39.7416]],[[67.2238,39.7416],[67.2237,39.7415]],[[67.212,39.7364],[67.1986,39.7315]],[[66.7923,39.7016],[66.7785,39.6975],[66.7321,39.6934]],[[66.7929,39.7018],[66.7923,39.7016]],[[66.2914,39.8618],[66.281,39.865],[66.2732,39.8703]],[[66.2918,39.8615],[66.2914,39.8618]],[[66.2589,39.8815],[66.2584,39.8819]],[[66.2584,39.8819],[66.2494,39.8905],[66.2436,39.9076]],[[66.4168,39.5565],[66.4258,39.5638]],[[65.7955,38.8029],[65.8196,38.7896]],[[69.7878,41.5654],[69.8017,41.5706]],[[69.7727,41.568],[69.7878,41.5654]],[[69.7657,41.5717],[69.7673,41.5706]],[[69.2834,41.2886],[69.2907,41.293]],[[69.514,40.9368],[69.4921,40.9494]],[[69.292,41.013],[69.2629,41.0098]],[[69.2355,41.0128],[69.2345,41.0248]],[[69.245,41.0944],[69.2473,41.1069]],[[69.6524,40.9068],[69.6487,40.9112]],[[67.398,37.2525],[67.3395,37.2566]],[[67.3303,37.2571],[67.312,37.2583],[67.2958,37.2523]],[[67.3395,37.2566],[67.3381,37.2566]],[[67.2861,37.2512],[67.2958,37.2523]],[[67.3748,37.3198],[67.3804,37.3257],[67.3831,37.3314]],[[67.4609,37.6205],[67.466,37.6421],[67.4902,37.6822],[67.5072,37.7359]],[[67.5072,37.7359],[67.5127,37.7507],[67.5401,37.7809],[67.5538,37.7921]],[[67.3831,37.3314],[67.3918,37.3656],[67.3885,37.3947],[67.3999,37.4382],[67.4016,37.4915],[67.4047,37.5013]],[[60.678,41.5186],[60.6782,41.5185]],[[60.6782,41.5185],[60.6938,41.5093]],[[60.7431,41.4803],[60.7798,41.4619]],[[60.7798,41.4619],[60.7813,41.4604]],[[60.7813,41.4604],[60.7814,41.4602]],[[60.7814,41.4602],[60.7882,41.4527],[60.833,41.4321],[60.851,41.4131],[60.8676,41.3999],[60.967,41.3585]],[[60.967,41.3585],[60.9673,41.3583]],[[60.9801,41.3531],[61.0016,41.3442]],[[61.0016,41.3442],[61.0019,41.3441]],[[61.0019,41.3441],[61.0104,41.3406]],[[61.0104,41.3406],[61.0107,41.3405]],[[61.0492,41.3247],[61.1411,41.287]],[[61.1411,41.287],[61.1413,41.2869]],[[61.1413,41.2869],[61.164,41.2776]],[[65.8196,38.7896],[65.8197,38.7895]],[[65.8076,39.0001],[65.8339,39.022]],[[65.8197,38.7895],[65.8441,38.7739]],[[65.8628,38.7608],[65.8632,38.7605]],[[65.8786,38.7498],[65.9079,38.7298],[65.9692,38.7049]],[[65.7562,38.9038],[65.7521,38.8753],[65.7528,38.8689]],[[65.7373,38.9434],[65.7461,38.9505]],[[65.7666,38.9671],[65.7668,38.9672]],[[65.8339,39.022],[65.8341,39.0222]],[[65.9168,39.08],[65.9239,39.0847],[65.9966,39.1478]],[[66.1937,39.9234],[66.1932,39.9232]],[[66.2435,39.9078],[66.2383,39.9168],[66.2307,39.9222],[66.2236,39.924]],[[66.2436,39.9076],[66.2435,39.9078]],[[66.4092,39.7378],[66.4031,39.7377]],[[66.4097,39.7379],[66.4092,39.7378]],[[66.4781,39.7616],[66.471,39.7546],[66.4531,39.749],[66.4385,39.7509],[66.4241,39.7476]],[[66.4833,39.7661],[66.4781,39.7616]],[[66.5766,39.7734],[66.5765,39.7734]],[[66.5836,39.7715],[66.5831,39.7716]],[[66.5831,39.7716],[66.5766,39.7734]],[[66.4683,39.5779],[66.469,39.5782]],[[66.6534,39.6702],[66.681,39.68],[66.6969,39.6906],[66.7073,39.6932]],[[66.4543,39.5749],[66.4683,39.5779]],[[66.4318,39.5677],[66.4543,39.5749]],[[66.4258,39.5638],[66.4318,39.5677]],[[66.398,39.5209],[66.3981,39.5212]],[[66.3757,39.4984],[66.393,39.5116]],[[66.3677,39.4941],[66.3757,39.4984]],[[66.3492,39.486],[66.3677,39.4941]],[[66.3412,39.4814],[66.3417,39.4817]],[[66.3417,39.4817],[66.3492,39.486]],[[66.3331,39.4768],[66.3412,39.4814]],[[66.1508,39.3126],[66.2076,39.3683]],[[66.0324,39.1805],[66.0331,39.1813]],[[65.8489,39.0347],[65.8492,39.0349]],[[66.2652,39.428],[66.2955,39.4496],[66.3194,39.469],[66.3287,39.4743]],[[64.6622,39.8616],[64.6495,39.8255],[64.6456,39.818],[64.6177,39.7807],[64.5928,39.7603]],[[64.6623,39.8621],[64.6622,39.8616]],[[64.5127,39.7063],[64.5125,39.7063]],[[65.8341,39.0222],[65.8489,39.0347]],[[66.0054,39.1555],[66.0324,39.1805]],[[68.0061,40.0909],[68.0219,40.0932]],[[67.9788,40.0919],[67.9898,40.0922],[67.994,40.0907]],[[68.2992,40.056],[68.3106,40.0572]],[[68.3106,40.0572],[68.3107,40.0572]],[[68.3409,40.0661],[68.3475,40.0688]],[[68.3507,40.0701],[68.3507,40.0702]],[[68.3253,40.0606],[68.3355,40.0642]],[[68.4459,40.1113],[68.4718,40.1242]],[[69.1076,40.2227],[69.0824,40.224]],[[69.1089,40.2226],[69.1085,40.2226]],[[69.0824,40.224],[69.0808,40.2241]],[[70.9341,40.5153],[70.9423,40.5106],[70.9526,40.5086]],[[70.9315,40.5726],[70.9079,40.5458],[70.907,40.5429],[70.9086,40.5393]],[[70.9504,40.5959],[70.9503,40.5958]],[[70.9732,40.6164],[70.9504,40.5959]],[[70.9733,40.6165],[70.9732,40.6164]],[[70.9826,40.6249],[70.9733,40.6165]],[[71.0484,40.6894],[71.0458,40.6848]],[[71.076,40.7287],[71.1054,40.7716]],[[71.1406,40.8226],[71.1438,40.8308],[71.1387,40.8402]],[[71.1056,40.7719],[71.121,40.7942]],[[71.1054,40.7716],[71.1056,40.7719]],[[71.1387,40.8402],[71.1372,40.8426]],[[71.1372,40.8426],[71.1351,40.8458]],[[71.1409,40.8549],[71.1695,40.8631]],[[71.1495,40.8572],[71.1562,40.8589]],[[71.2246,40.8805],[71.2248,40.8805]],[[71.2248,40.8805],[71.2412,40.8829]],[[71.2412,40.8829],[71.2585,40.8854]],[[71.2901,40.89],[71.2903,40.89]],[[71.2903,40.89],[71.3041,40.892]],[[71.3041,40.892],[71.3079,40.8929]],[[71.3079,40.8929],[71.3097,40.8931]],[[71.3097,40.8931],[71.3148,40.8935]],[[71.3148,40.8935],[71.3149,40.8935]],[[71.3178,40.8939],[71.3263,40.8956]],[[71.3149,40.8935],[71.3177,40.8939]],[[71.3177,40.8939],[71.3178,40.8939]],[[71.3263,40.8956],[71.3265,40.8956]],[[71.3295,40.8963],[71.3329,40.8971]],[[71.3265,40.8956],[71.3294,40.8963]],[[71.3294,40.8963],[71.3295,40.8963]],[[71.3333,40.8972],[71.3455,40.9]],[[71.3329,40.8971],[71.3333,40.8972]],[[71.3455,40.9],[71.3459,40.9]],[[71.3459,40.9],[71.3534,40.9017]],[[71.3534,40.9017],[71.3535,40.9018]],[[71.3535,40.9018],[71.3608,40.9034]],[[71.3608,40.9034],[71.3611,40.9035]],[[71.3611,40.9035],[71.3718,40.9071]],[[71.3729,40.9076],[71.3998,40.9187]],[[71.4105,40.9227],[71.4216,40.9265]],[[71.4428,40.9358],[71.4932,40.9387]],[[71.5208,40.9412],[71.5339,40.945],[71.5658,40.9658]],[[71.441,40.9354],[71.4428,40.9358]],[[71.4409,40.9354],[71.441,40.9354]],[[71.3998,40.9187],[71.4003,40.919]],[[71.4003,40.919],[71.4105,40.9227]],[[71.1873,40.8699],[71.1922,40.8717]],[[71.1708,40.8636],[71.1873,40.8699]],[[71.1695,40.8631],[71.17,40.8633]],[[70.9664,40.5061],[70.9784,40.5016]],[[70.9662,40.5062],[70.9664,40.5061]],[[70.9784,40.5016],[70.9788,40.5015]],[[70.9788,40.5015],[71.01,40.4886]],[[71.0132,40.4874],[71.0153,40.4866]],[[71.0131,40.4874],[71.0132,40.4874]],[[71.0154,40.4866],[71.0468,40.4812]],[[71.0153,40.4866],[71.0154,40.4866]],[[71.0468,40.4812],[71.0702,40.4774]],[[71.0702,40.4774],[71.0752,40.4766]],[[71.0755,40.4766],[71.0846,40.475]],[[71.1227,40.4685],[71.1389,40.4657]],[[71.1391,40.4656],[71.1533,40.4636]],[[71.1837,40.4607],[71.1909,40.46]],[[71.1909,40.46],[71.1912,40.4599]],[[71.2,40.4591],[71.2123,40.4579]],[[71.3057,40.4482],[71.3584,40.4426]],[[71.5743,40.9715],[71.5884,40.9805]],[[71.5884,40.9805],[71.5966,40.9861]],[[71.6473,41.0016],[71.6519,41.0046],[71.6598,41.0056],[71.6751,41.0135]],[[64.5125,39.7063],[64.4834,39.7069]],[[65.0601,40.0737],[65.0295,40.0665],[64.9881,40.0646]],[[65.0606,40.0738],[65.0601,40.0737]],[[65.1884,40.0805],[65.1048,40.0792],[65.0725,40.0764],[65.0606,40.0738]],[[65.2709,40.0816],[65.2781,40.0814]],[[64.8286,40.0164],[64.8211,40.0102]],[[64.8209,40.01],[64.7857,39.9887]],[[64.8211,40.0102],[64.8209,40.01]],[[64.8487,40.0301],[64.8381,40.0241],[64.8286,40.0164]],[[64.8956,40.0581],[64.8743,40.0519],[64.8702,40.0482],[64.8663,40.0403],[64.8622,40.0371]],[[64.8982,40.0587],[64.8975,40.0586]],[[64.9064,40.0606],[64.8982,40.0587]],[[64.9291,40.0619],[64.9064,40.0606]],[[64.9292,40.0619],[64.9291,40.0619]],[[64.9584,40.0632],[64.9292,40.0619]],[[64.9586,40.0632],[64.9584,40.0632]],[[64.9788,40.0641],[64.9586,40.0632]],[[64.9789,40.0642],[64.9788,40.0641]],[[64.988,40.0646],[64.9789,40.0642]],[[64.9881,40.0646],[64.988,40.0646]],[[65.2953,40.0808],[65.3057,40.0895]],[[71.3627,40.4421],[71.4474,40.4329]],[[71.5094,40.4257],[71.5499,40.421]],[[71.5499,40.421],[71.5502,40.4209]],[[71.5502,40.4209],[71.5851,40.4168],[71.6202,40.4177]],[[71.6854,40.4328],[71.6992,40.4371],[71.7156,40.4395]],[[71.7309,40.4456],[71.7312,40.4457]],[[71.7312,40.4457],[71.7373,40.4491]],[[71.7896,40.4598],[71.797,40.4621]],[[71.7894,40.4598],[71.7896,40.4598]],[[71.797,40.4621],[71.7972,40.4622]],[[71.8029,40.4639],[71.8094,40.4661]],[[71.8094,40.4661],[71.8102,40.4663]],[[71.8313,40.4734],[71.8606,40.4847],[71.8891,40.4899]],[[71.8891,40.4899],[71.8893,40.4899]],[[71.8893,40.4899],[71.9162,40.4946]],[[71.9162,40.4946],[71.9525,40.4969]],[[71.9881,40.5019],[71.9882,40.5019]],[[71.9882,40.5019],[71.9944,40.5036]],[[71.9944,40.5036],[71.9944,40.5036]],[[71.9944,40.5036],[72.0064,40.5097]],[[72.0064,40.5097],[72.0084,40.5109]],[[72.0084,40.5109],[72.0086,40.511]],[[72.0628,40.5506],[72.0327,40.5286]],[[72.1277,40.5992],[72.0846,40.5665]],[[72.1956,40.6495],[72.1278,40.5992]],[[72.1962,40.6498],[72.1956,40.6495]],[[72.2291,40.6711],[72.2109,40.6579]],[[72.2441,40.6822],[72.2292,40.6711]],[[72.2444,40.6824],[72.2441,40.6822]],[[72.2754,40.7055],[72.2489,40.6858]],[[72.3796,40.7922],[72.3739,40.7876],[72.3704,40.7792],[72.3643,40.7752]],[[72.3799,40.7925],[72.3796,40.7922]],[[72.2882,40.8744],[72.3132,40.8596]],[[72.2687,40.8867],[72.2754,40.8825]],[[72.2687,40.8868],[72.2687,40.8867]],[[72.3132,40.8596],[72.3157,40.8583]],[[72.2546,40.8957],[72.2687,40.8868]],[[72.238,40.9062],[72.247,40.9005]],[[72.2332,40.9092],[72.238,40.9062]],[[72.2093,40.9179],[72.2253,40.9137],[72.2332,40.9092]],[[72.1641,40.9216],[72.1917,40.9215],[72.2093,40.9179]],[[72.164,40.9216],[72.1641,40.9216]],[[72.1619,40.9214],[72.164,40.9216]],[[72.1483,40.9197],[72.1619,40.9214]],[[72.1248,40.9212],[72.1342,40.9194]],[[72.1059,40.9852],[72.1108,40.9534],[72.1247,40.9213]],[[72.1059,40.9854],[72.1059,40.9852]],[[72.3801,40.7927],[72.3799,40.7925]],[[71.6129,40.9917],[71.6224,40.9931]],[[71.6224,40.9931],[71.6321,40.9957]],[[71.7552,41.0446],[71.7911,41.0541],[71.806,41.061],[71.8101,41.0646]],[[71.8101,41.0646],[71.8155,41.0698]],[[71.8226,41.0729],[71.8424,41.0747],[71.8631,41.0846],[71.8758,41.0846]],[[71.8854,41.0842],[71.9186,41.0808]],[[71.9186,41.0808],[71.9396,41.0814],[71.9519,41.0844]],[[71.9901,41.0932],[71.9848,41.091]],[[72.017,41.1045],[71.9901,41.0932]],[[72.0854,41.1157],[72.0895,41.0911]],[[72.0895,41.0911],[72.0895,41.091]],[[72.0906,41.0844],[72.0937,41.0652]],[[72.0937,41.0652],[72.0937,41.0649]],[[72.0938,41.0645],[72.1011,41.0168]],[[72.0937,41.0649],[72.0938,41.0645]],[[72.1011,41.0168],[72.1059,40.9854]],[[72.0895,41.091],[72.0906,41.0844]],[[65.3697,40.0743],[65.3926,40.0728]],[[65.6784,40.0114],[65.6785,40.0113]],[[65.7707,39.9546],[65.7278,39.9702],[65.694,39.9974]],[[65.771,39.9545],[65.7707,39.9546]],[[66.2236,39.924],[66.2054,39.9264],[66.1937,39.9234]],[[66.1932,39.9232],[66.1837,39.9213],[66.1629,39.9222],[66.145,39.9187]],[[66.0649,39.9127],[65.9453,39.9127],[65.918,39.9182]],[[66.3934,39.7541],[66.3931,39.7823]],[[66.4218,39.7453],[66.4181,39.7405],[66.4097,39.7379]],[[66.4241,39.7476],[66.4218,39.7453]],[[66.5546,39.7778],[66.5264,39.7781],[66.5014,39.7823],[66.497,39.781],[66.4945,39.7782]],[[66.6178,39.739],[66.5991,39.7659],[66.595,39.7685],[66.5836,39.7715]],[[66.6501,39.7265],[66.643,39.7297],[66.6265,39.7333],[66.6178,39.739]],[[66.6551,39.7229],[66.6501,39.7265]],[[66.7094,39.6986],[66.6961,39.7021]],[[66.7111,39.6981],[66.7094,39.6986]],[[66.936,39.6852],[66.9419,39.6848],[66.9485,39.6867]],[[66.9485,39.6867],[66.95,39.6869]],[[69.1995,40.2164],[69.1621,40.2174]],[[69.1605,40.2175],[69.1561,40.218]],[[69.1621,40.2174],[69.1605,40.2175]],[[67.5715,37.8547],[67.5905,37.8429],[67.5939,37.8388],[67.5932,37.8365]],[[67.5715,37.8547],[67.5711,37.855]],[[67.5711,37.855],[67.5335,37.8947],[67.5166,37.9085],[67.5134,37.9166],[67.5032,37.9234],[67.4866,37.9449],[67.4638,37.9617]],[[67.0206,38.1878],[67.0213,38.1873]],[[67.0213,38.1873],[67.0303,38.1797]],[[67.0434,38.1679],[67.0434,38.1672]],[[67.0434,38.1672],[67.0455,38.1644],[67.0516,38.164],[67.0604,38.1608]],[[67.0604,38.1608],[67.0611,38.1604]],[[67.0611,38.1604],[67.0665,38.1561],[67.0655,38.1502],[67.067,38.1472],[67.0768,38.1434]],[[67.0768,38.1434],[67.0776,38.143]],[[67.0776,38.143],[67.0886,38.1359],[67.1078,38.1279],[67.1199,38.1262],[67.1289,38.1154],[67.1342,38.1139],[67.1383,38.1171]],[[67.1384,38.1182],[67.1384,38.1183]],[[67.1383,38.1171],[67.1384,38.1182]],[[67.1384,38.1183],[67.1383,38.1189]],[[67.1383,38.1189],[67.1383,38.1204]],[[67.1383,38.1204],[67.1383,38.1212]],[[67.1383,38.1212],[67.1383,38.1242]],[[67.1383,38.1242],[67.1382,38.1257]],[[67.1382,38.1257],[67.1386,38.1275]],[[67.1397,38.1284],[67.141,38.1288]],[[67.4638,37.9617],[67.4631,37.9623]],[[71.2027,40.8756],[71.2246,40.8805]],[[71.1922,40.8717],[71.2027,40.8756]],[[71.0283,40.6664],[71.0036,40.6451]],[[71.0034,40.6449],[70.9892,40.6308]],[[67.4631,37.9623],[67.4586,37.9675],[67.4613,37.9797],[67.4607,37.9877],[67.4538,37.9935],[67.4514,37.9986],[67.4476,38],[67.4418,37.9994],[67.4301,38.0011],[67.4259,38.0051],[67.4267,38.0104],[67.4233,38.0161],[67.4098,38.019],[67.3937,38.0271],[67.3835,38.0299]],[[67.2398,38.1102],[67.2388,38.1102]],[[67.2388,38.1102],[67.2322,38.1092],[67.2235,38.1113],[67.1975,38.1043],[67.19,38.1044],[67.183,38.1094],[67.1689,38.1153],[67.1661,38.1211],[67.1526,38.1249],[67.1476,38.1248],[67.141,38.1288]],[[69.5898,41.4668],[69.5852,41.4549],[69.5751,41.4461]],[[69.5257,41.4172],[69.5232,41.4163]],[[69.5258,41.4173],[69.5257,41.4172]],[[69.5615,41.4409],[69.561,41.4405]],[[69.2366,41.2627],[69.2621,41.2675],[69.2689,41.2731]],[[66.0601,38.6746],[66.0774,38.6699],[66.0785,38.6665],[66.0777,38.6462]],[[66.0777,38.6462],[66.0777,38.646]],[[66.0777,38.646],[66.0807,38.6239]],[[66.0807,38.6239],[66.0807,38.6236]],[[66.0807,38.6236],[66.0826,38.6152],[66.0927,38.5979]],[[66.0927,38.5979],[66.0929,38.5975]],[[66.0929,38.5975],[66.1212,38.5494]],[[66.1227,38.5379],[66.122,38.5224]],[[66.122,38.5224],[66.1304,38.4894],[66.1323,38.4867]],[[66.1323,38.4867],[66.1325,38.4864]],[[66.267,38.4111],[66.2701,38.4087],[66.2736,38.3969],[66.2772,38.3944],[66.2816,38.3938],[66.3002,38.3972],[66.3107,38.3949],[66.3326,38.3857]],[[66.7025,38.3006],[66.7165,38.3032],[66.7361,38.3016]],[[66.7005,38.3001],[66.7025,38.3006]],[[66.6861,38.2964],[66.7005,38.3001]],[[66.6843,38.296],[66.6861,38.2964]],[[66.7361,38.3016],[66.7393,38.3011]],[[66.7393,38.3011],[66.7453,38.2971],[66.7485,38.2972],[66.7502,38.3002],[66.7469,38.3052]],[[66.7469,38.3052],[66.7439,38.3066]],[[66.7439,38.3066],[66.7438,38.3105],[66.7483,38.3108],[66.7603,38.2969],[66.7702,38.293],[66.7805,38.2788],[66.788,38.2738],[66.7885,38.2707],[66.7843,38.2659],[66.7858,38.2638],[66.7934,38.2618],[66.7935,38.2595],[66.7901,38.2559],[66.791,38.2538],[66.7965,38.252],[66.8046,38.252]],[[66.8046,38.252],[66.807,38.2526]],[[66.807,38.2526],[66.8194,38.2565]],[[66.8194,38.2565],[66.8205,38.2569]],[[66.8495,38.2654],[66.8511,38.2643]],[[66.8511,38.2643],[66.8545,38.2625]],[[66.8545,38.2625],[66.8556,38.2622]],[[66.8556,38.2622],[66.8603,38.263],[66.8667,38.2691],[66.8701,38.269],[66.8712,38.2656],[66.8648,38.2603],[66.8645,38.2572]],[[66.8649,38.2565],[66.8697,38.2531],[66.8784,38.25]],[[67.0206,38.1878],[67.0113,38.1948],[67.0115,38.2006],[67.0085,38.2032],[66.9984,38.2043],[66.9907,38.2003],[66.9851,38.2031],[66.9776,38.2027],[66.9727,38.2046],[66.9452,38.2012],[66.9381,38.2038]],[[70.0454,40.9879],[70.0447,40.9878]],[[70.0506,40.9892],[70.0488,40.9887]],[[70.0488,40.9887],[70.0454,40.9879]],[[69.7091,41.5605],[69.708,41.56]],[[69.7094,41.5606],[69.7091,41.5605]],[[69.7205,41.5655],[69.7094,41.5606]],[[69.7207,41.5656],[69.7205,41.5655]],[[69.6991,41.5558],[69.6922,41.5519]],[[69.2409,41.0725],[69.2409,41.0726]],[[69.3137,41.3319],[69.315,41.3284],[69.3135,41.3229]],[[69.3134,41.3322],[69.3137,41.3319]],[[69.3119,41.3346],[69.3134,41.3322]],[[61.2693,41.2867],[61.2578,41.284],[61.2446,41.2724]],[[61.3177,41.3153],[61.3167,41.3147]],[[61.2446,41.2724],[61.2435,41.2714]],[[71.9848,41.091],[71.9845,41.0908]],[[71.9519,41.0844],[71.9522,41.0844]],[[71.9522,41.0844],[71.9737,41.0865],[71.9845,41.0908]],[[69.9383,41.624],[69.9313,41.6236],[69.9264,41.6212]],[[69.8461,41.5871],[69.846,41.5871]],[[69.846,41.5871],[69.8322,41.5831]],[[69.9195,41.6182],[69.9131,41.6164]],[[69.9235,41.62],[69.9195,41.6182]],[[69.7643,41.5727],[69.7646,41.5725]],[[69.1909,41.4161],[69.1912,41.4153]],[[69.2002,41.4092],[69.2042,41.4075]],[[69.3111,41.3166],[69.3057,41.3096]],[[69.1912,41.4153],[69.1935,41.4115],[69.2002,41.4092]],[[69.2284,41.3948],[69.2408,41.3785],[69.2769,41.3507]],[[69.277,41.2821],[69.2826,41.288]],[[65.2789,40.0814],[65.2906,40.0805]],[[69.3202,41.3339],[69.3225,41.3408]],[[69.7257,41.5678],[69.7352,41.5715]],[[60.6764,41.5195],[60.678,41.5186]],[[60.6759,41.5198],[60.6764,41.5195]],[[60.6938,41.5093],[60.6939,41.5092]],[[69.2149,41.403],[69.2244,41.3988],[69.2284,41.3948]],[[69.1685,41.3735],[69.1716,41.3755]],[[69.1661,41.3719],[69.1685,41.3735]],[[69.1716,41.3755],[69.1726,41.3761]],[[68.7579,40.947],[68.7768,40.9479]],[[68.7113,40.937],[68.7298,40.9424]],[[68.7501,40.9466],[68.7579,40.947]],[[68.7092,40.2683],[68.7077,40.2673]],[[68.8156,40.3185],[68.8153,40.3177]],[[68.8153,40.3177],[68.8103,40.3112],[68.8025,40.3069],[68.7431,40.2907],[68.7092,40.2683]],[[68.6402,40.2212],[68.5367,40.1505]],[[71.8162,41.0703],[71.8167,41.0706]],[[71.8167,41.0706],[71.8226,41.0729]],[[69.1106,41.2349],[69.1129,41.2309],[69.1149,41.2148]],[[69.1164,41.207],[69.1166,41.2066]],[[69.1166,41.2066],[69.1181,41.203]],[[69.0541,41.1086],[69.0659,41.1223]],[[71.602,40.9895],[71.6022,40.9896]],[[71.6022,40.9896],[71.6129,40.9917]],[[71.6321,40.9957],[71.6327,40.9958]],[[69.3934,41.369],[69.3992,41.3717],[69.4083,41.3693],[69.4138,41.3703]],[[68.8493,40.215],[68.8495,40.2118],[68.852,40.21]],[[68.8273,40.2114],[68.8233,40.2117]],[[68.846,40.2274],[68.8493,40.215]],[[68.8338,40.2679],[68.8336,40.2685]],[[68.8279,40.2114],[68.824,40.2138],[68.824,40.2177],[68.8257,40.2202],[68.8298,40.2219],[68.8419,40.2217],[68.8452,40.224],[68.846,40.2274]],[[68.8273,40.2114],[68.8519,40.2095]],[[68.8233,40.2117],[68.8231,40.2118]],[[68.8231,40.2118],[68.8119,40.2128]],[[69.351,41.0038],[69.3647,41.0003]],[[69.3137,41.2954],[69.3262,41.2914],[69.3324,41.2864],[69.3327,41.2821],[69.3152,41.2702],[69.2976,41.2645]],[[69.3024,41.2984],[69.3133,41.2955]],[[69.1162,41.2821],[69.1237,41.3041],[69.128,41.3099]],[[69.1106,41.2349],[69.11,41.2358]],[[69.1156,41.2797],[69.1156,41.2799]],[[69.11,41.2358],[69.1087,41.2446],[69.1118,41.2551],[69.1156,41.2797]],[[69.123,41.3024],[69.1156,41.2799]],[[69.123,41.3024],[69.128,41.3099]],[[69.1331,41.316],[69.1392,41.3238],[69.1474,41.345]],[[69.133,41.3158],[69.1331,41.316]],[[69.1179,41.1831],[69.1179,41.1834]],[[69.148,41.1955],[69.1203,41.1747]],[[69.1429,41.1916],[69.1681,41.2105],[69.1726,41.2183]],[[69.1181,41.203],[69.118,41.186]],[[69.1727,41.2186],[69.1725,41.2183]],[[69.1801,41.2285],[69.1796,41.228]],[[69.1796,41.228],[69.1727,41.2186]],[[69.1162,41.1768],[69.115,41.1714],[69.1128,41.1692]],[[69.1178,41.1831],[69.1178,41.1834]],[[69.118,41.1831],[69.118,41.1834]],[[69.1178,41.1831],[69.1162,41.1768]],[[69.118,41.186],[69.1178,41.1834]],[[69.1007,41.1601],[69.1143,41.1704],[69.1162,41.1768]],[[69.118,41.1834],[69.1185,41.1969]],[[69.1203,41.1747],[69.0997,41.1592]],[[69.091,41.1494],[69.0921,41.151]],[[69.0921,41.151],[69.0923,41.1513]],[[69.0923,41.1513],[69.0966,41.1567],[69.1139,41.1698]],[[69.0881,41.1454],[69.091,41.1494]],[[69.0846,41.1405],[69.0881,41.1454]],[[69.0832,41.1385],[69.0846,41.1405]],[[69.0789,41.133],[69.0832,41.1385]],[[69.2143,41.2526],[69.1885,41.2367],[69.1801,41.2285]],[[69.2606,41.267],[69.2461,41.2643]],[[69.1486,41.3486],[69.1487,41.3488]],[[69.1715,41.3755],[69.1725,41.3762]],[[69.1661,41.3719],[69.1685,41.3735]],[[69.1685,41.3735],[69.1715,41.3755]],[[69.1725,41.3762],[69.1729,41.3764]],[[69.1729,41.3764],[69.178,41.3798]],[[69.1936,41.4111],[69.1932,41.4119]],[[69.1474,41.345],[69.1474,41.3452]],[[69.178,41.3798],[69.1783,41.38]],[[69.1511,41.3528],[69.1514,41.3531]],[[69.1788,41.3805],[69.1855,41.3892],[69.1934,41.4084]],[[69.1783,41.38],[69.1788,41.3805]],[[69.1932,41.4119],[69.1923,41.4133]],[[69.1474,41.3452],[69.1486,41.3486]],[[69.1487,41.3488],[69.1511,41.3528]],[[69.1514,41.3531],[69.1603,41.3655]],[[69.1603,41.3655],[69.1661,41.3719]],[[69.1789,41.3804],[69.1853,41.3886],[69.1926,41.4053]],[[69.2042,41.4076],[69.1939,41.4121],[69.1912,41.4153]],[[69.1909,41.4161],[69.1909,41.4162]],[[69.1795,41.441],[69.1791,41.4412]],[[69.1912,41.4153],[69.1923,41.4133]],[[69.2149,41.403],[69.2042,41.4076]],[[69.2284,41.3948],[69.2244,41.3988],[69.2149,41.403]],[[69.2042,41.4075],[69.2149,41.403]],[[69.1867,41.4309],[69.1908,41.4162]],[[69.1909,41.4162],[69.187,41.4306],[69.1832,41.4385],[69.1795,41.441]],[[69.3133,41.3328],[69.313,41.3331]],[[69.2699,41.3555],[69.2397,41.3798],[69.2284,41.3948]],[[69.287,41.3491],[69.277,41.3507]],[[69.3055,41.3437],[69.2989,41.3473]],[[69.298,41.3479],[69.2932,41.35],[69.287,41.3491]],[[69.2989,41.3473],[69.2983,41.3476]],[[69.3061,41.3432],[69.3055,41.3437]],[[69.2988,41.3473],[69.3054,41.3437]],[[69.277,41.3507],[69.2699,41.3555]],[[69.3061,41.3432],[69.3117,41.335]],[[69.3019,41.3071],[69.3025,41.3075]],[[69.296,41.2969],[69.2949,41.2961]],[[69.2949,41.296],[69.2944,41.2957]],[[69.2872,41.2912],[69.2829,41.2883]],[[69.3133,41.3219],[69.3136,41.3229]],[[69.3138,41.3229],[69.3211,41.3369]],[[69.3126,41.3196],[69.3133,41.3219]],[[69.3841,41.3639],[69.3909,41.3663],[69.3934,41.369]],[[69.4874,41.4025],[69.4542,41.3885]],[[69.4875,41.4025],[69.4874,41.4025]],[[69.4245,41.3744],[69.4138,41.3703]],[[69.5232,41.4163],[69.5207,41.4155]],[[69.5113,41.4122],[69.5024,41.4086]],[[69.5358,41.4231],[69.5258,41.4173]],[[69.3186,41.3316],[69.3202,41.3339]],[[69.3156,41.3312],[69.3144,41.3317]],[[69.3144,41.3317],[69.314,41.332]],[[69.2556,41.1513],[69.2556,41.1514]],[[69.2556,41.1514],[69.2576,41.1617]],[[69.2457,41.2114],[69.2473,41.201]],[[68.7016,40.9342],[68.6693,40.9237]],[[68.666,40.9211],[68.6694,40.9236]],[[68.6529,40.8851],[68.6541,40.9064],[68.666,40.9211]],[[68.7016,40.9341],[68.6694,40.9236]],[[69.0455,41.0967],[69.0541,41.1086]],[[68.9741,41.0424],[68.9795,41.0479]],[[68.9835,41.0515],[69.0005,41.062]],[[69.0005,41.062],[69.0076,41.0665]],[[69.027,41.0805],[69.0311,41.0839]],[[69.0076,41.0665],[69.0153,41.0713]],[[69.0311,41.0839],[69.0441,41.0951]],[[69.0441,41.0951],[69.0455,41.0967]],[[69.0153,41.0713],[69.027,41.0805]],[[68.7714,40.4736],[68.7674,40.487]],[[68.7714,40.4736],[68.7714,40.4735]],[[66.4504,38.3484],[66.4509,38.3482]],[[66.4509,38.3482],[66.4605,38.3407],[66.4674,38.3277],[66.4874,38.3078],[66.5119,38.2892],[66.525,38.2826],[66.5399,38.2601],[66.5459,38.2569],[66.5476,38.2531],[66.5529,38.2489],[66.5521,38.2456],[66.5452,38.2432],[66.5449,38.2408],[66.5466,38.2393],[66.5497,38.2394],[66.5921,38.2617],[66.6234,38.2665],[66.6339,38.2754],[66.642,38.2714]],[[68.7904,40.9496],[68.7906,40.9496]],[[68.7906,40.9496],[68.7963,40.9503]],[[68.8863,40.9755],[68.9004,40.9823],[68.908,40.9887]],[[68.8531,40.9597],[68.8659,40.9658]],[[68.8659,40.9658],[68.8746,40.97]],[[68.908,40.9887],[68.9165,40.996],[68.9422,41.0122]],[[68.9422,41.0122],[68.9653,41.0335]],[[67.8174,40.0952],[67.8125,40.0962]],[[67.8184,40.0951],[67.8174,40.0952]],[[69.6842,41.5475],[69.684,41.5474]],[[71.677,41.0143],[71.6882,41.0184],[71.6923,41.0218]],[[71.6927,41.0221],[71.7089,41.0292],[71.7161,41.0341],[71.7267,41.0362]],[[71.6757,41.0137],[71.6764,41.0141]],[[71.6923,41.0218],[71.6927,41.0221]],[[71.6751,41.0135],[71.6757,41.0137]],[[71.6764,41.0141],[71.677,41.0143]],[[69.7352,41.5715],[69.7471,41.5747]],[[69.7603,41.5748],[69.7605,41.5747]],[[69.7605,41.5747],[69.7618,41.5744]],[[66.9624,39.6877],[66.9793,39.6893],[66.988,39.688]],[[69.8124,41.575],[69.8118,41.5747]],[[69.8118,41.5747],[69.8069,41.5727]],[[69.8309,41.5826],[69.8308,41.5826]],[[69.8308,41.5826],[69.8174,41.577]],[[69.8322,41.5831],[69.8309,41.5826]],[[69.9112,41.6156],[69.9107,41.6153]],[[69.9107,41.6153],[69.8825,41.6057],[69.8684,41.5986]],[[67.5644,37.8042],[67.5649,37.8046]],[[67.5649,37.8046],[67.5912,37.834]],[[65.7924,38.801],[65.7948,38.803]],[[68.4916,40.1309],[68.5185,40.1398]],[[68.7093,40.2682],[68.7444,40.2911],[68.7995,40.306]],[[68.8121,40.3397],[68.8162,40.3256],[68.8156,40.3185]],[[69.2949,41.2961],[69.2894,41.2926]],[[69.1725,41.2183],[69.1685,41.211],[69.148,41.1955]],[[69.0846,41.1405],[69.0795,41.1336],[69.0689,41.1255],[69.0572,41.113],[69.0455,41.0967]],[[68.6529,40.8851],[68.6747,40.8194]],[[68.6699,40.8344],[68.6738,40.8226]],[[68.7565,40.5228],[68.7626,40.5027]],[[68.7658,40.492],[68.7674,40.4871]],[[68.7628,40.5021],[68.7657,40.4926]],[[68.7659,40.4916],[68.7628,40.5018]],[[68.7564,40.5227],[68.7624,40.5031]],[[68.4904,40.1306],[68.4852,40.1289]],[[67.8329,40.1012],[67.8239,40.0956],[67.8184,40.0951]],[[67.8547,40.0942],[67.8533,40.0941]],[[67.561,40.0218],[67.5662,40.027],[67.5747,40.0296]],[[67.0755,39.6947],[67.0913,39.697],[67.1097,39.7024]],[[66.9239,39.6865],[66.936,39.6852]],[[66.9485,39.6868],[66.9419,39.6849],[66.9366,39.6852]],[[66.9167,39.6873],[66.8893,39.6902]],[[66.7931,39.7017],[66.8014,39.7033],[66.8514,39.6957]],[[66.7326,39.6933],[66.7785,39.6974],[66.7923,39.7014]],[[66.7321,39.6934],[66.7111,39.6981]],[[66.7923,39.7014],[66.7931,39.7017]],[[66.6702,39.7115],[66.6769,39.7073],[66.6961,39.7021]],[[66.3934,39.7541],[66.3937,39.7487],[66.3991,39.741]],[[66.3369,39.823],[66.2985,39.8393],[66.2955,39.8437],[66.2933,39.8576]],[[66.2666,39.8751],[66.2589,39.8815]],[[65.3926,40.0728],[65.4048,40.0729]],[[65.5432,40.0676],[65.5879,40.0611],[65.6189,40.0536],[65.6403,40.0415],[65.6671,40.0216],[65.6784,40.0114]],[[65.7377,38.93],[65.7495,38.922]],[[65.737,38.9432],[65.7373,38.9434]],[[65.737,38.9432],[65.7336,38.94],[65.7326,38.9367],[65.7339,38.9331],[65.7369,38.9305]],[[65.78,38.8176],[65.7727,38.8263]],[[65.7926,38.8005],[65.7816,38.8156]],[[65.8441,38.7739],[65.8546,38.7665]],[[65.8546,38.7665],[65.8628,38.7608]],[[66.8224,38.2578],[66.829,38.2604],[66.8318,38.2637]],[[66.8345,38.2664],[66.8396,38.2664],[66.8452,38.27],[66.8478,38.2691],[66.8495,38.2654]],[[69.2478,40.2124],[69.2474,40.2128]],[[70.0733,40.9946],[70.0706,40.9936]],[[68.8522,40.2099],[68.8626,40.2107]],[[68.7077,40.2673],[68.6414,40.222]],[[68.852,40.21],[68.8522,40.2099]],[[68.6414,40.222],[68.6402,40.2212]],[[70.0829,40.999],[70.0733,40.9946]],[[70.1025,41.0078],[70.1017,41.0074]],[[70.1117,41.0122],[70.1102,41.0114]],[[70.1102,41.0114],[70.1025,41.0078]],[[70.1017,41.0074],[70.0888,41.0016]],[[70.1544,41.0215],[70.1486,41.0206]],[[70.3688,41.1265],[70.3709,41.128],[70.3739,41.1352],[70.3811,41.1367],[70.385,41.1398],[70.3995,41.1396],[70.4078,41.1449],[70.4209,41.1495],[70.4358,41.1516]],[[70.1339,41.0185],[70.1453,41.0201]],[[70.1285,41.0178],[70.1117,41.0122]],[[70.0447,40.9878],[70.038,40.9861],[70.0333,40.9819],[70.0195,40.9788]],[[70.0018,40.9746],[70.0016,40.9745]],[[70.0016,40.9745],[69.9974,40.971]],[[68.8156,40.3183],[68.8161,40.3265]],[[68.7995,40.306],[68.8096,40.3105],[68.8154,40.3176]],[[68.8154,40.3176],[68.8156,40.3183]],[[68.7834,40.4344],[68.779,40.4489]],[[68.8244,40.2991],[68.8216,40.3045],[68.8163,40.3075],[68.7995,40.306]],[[72.3767,40.8297],[72.3723,40.8247],[72.3591,40.8208],[72.3548,40.8123]],[[71.7587,40.4586],[71.7681,40.4605],[71.7762,40.4588],[71.7894,40.4598]],[[71.7312,40.4457],[71.746,40.4547]],[[71.7156,40.4395],[71.7276,40.4442]],[[71.7156,40.4395],[71.7296,40.445]],[[69.5241,40.9323],[69.514,40.9368]],[[69.351,41.0038],[69.3474,41.0048]],[[69.2441,41.2221],[69.241,41.2437]],[[69.2474,41.2006],[69.2466,41.2047]],[[69.2454,41.2129],[69.2441,41.2221]],[[68.0795,40.0818],[68.0605,40.0889],[68.0384,40.0927],[68.0225,40.0937],[68.0005,40.0917],[67.9789,40.0922]],[[68.5367,40.1505],[68.5217,40.141],[68.4911,40.1308]],[[69.5262,40.932],[69.5241,40.9323]],[[69.5263,40.932],[69.5262,40.932]],[[68.8493,40.215],[68.8467,40.2112],[68.8435,40.21]],[[68.8405,40.2458],[68.846,40.2274]],[[69.0641,40.2255],[69.0535,40.227]],[[65.7727,38.8263],[65.7771,38.8211]],[[65.7813,38.8159],[65.78,38.8176]],[[69.6309,40.9186],[69.6308,40.9186]],[[69.5784,40.9264],[69.5783,40.9264]],[[69.6308,40.9186],[69.6154,40.9212]],[[69.5783,40.9264],[69.5263,40.932]],[[67.4565,39.9096],[67.4608,39.9031],[67.461,39.9002],[67.4492,39.8812],[67.4524,39.8769],[67.458,39.8743]],[[67.5761,40.03],[67.5462,40.0232]],[[68.6659,40.9212],[68.656,40.91]],[[66.4945,39.7782],[66.4911,39.773],[66.4833,39.7661]],[[66.2933,39.8576],[66.2918,39.8615]],[[65.3104,40.0789],[65.3563,40.0753]],[[64.5923,39.7599],[64.5588,39.7304]],[[65.3244,40.0885],[65.3132,40.0894]],[[65.3095,40.0897],[65.3109,40.0896]],[[65.3244,40.0885],[65.3315,40.0874],[65.3519,40.0766],[65.3576,40.0753]],[[69.7692,40.9162],[69.7598,40.9147]],[[65.7495,38.922],[65.757,38.9159],[65.7571,38.9088]],[[64.5127,39.7062],[64.5225,39.706],[64.5328,39.71]],[[68.7788,40.4491],[68.7789,40.4489]],[[68.7714,40.4735],[68.7788,40.4491]],[[68.779,40.4489],[68.7789,40.4492]],[[68.7715,40.4736],[68.7715,40.4736]],[[68.7789,40.4492],[68.7715,40.4736]],[[69.8309,40.9234],[69.8303,40.923]],[[69.8685,40.936],[69.8656,40.9352]],[[69.8303,40.923],[69.8249,40.9194]],[[72.2109,40.6579],[72.1993,40.6514]],[[64.7853,39.9885],[64.7519,39.9682],[64.6813,39.9032],[64.6723,39.8901],[64.6623,39.8621]],[[64.7857,39.9887],[64.7853,39.9885]],[[69.708,41.56],[69.6991,41.5558]],[[69.8174,41.577],[69.8124,41.575]],[[69.4127,40.9898],[69.3955,40.9926]],[[69.3955,40.9926],[69.3924,40.9939]],[[69.4128,40.9898],[69.4127,40.9898]],[[69.3781,40.9982],[69.3779,40.9982]],[[69.3955,40.9926],[69.3955,40.9926]],[[69.3779,40.9982],[69.374,40.9986]],[[69.3877,40.9958],[69.3781,40.9982]],[[69.3924,40.9939],[69.3877,40.9958]],[[65.543,40.0675],[65.5003,40.0733],[65.4056,40.0728]],[[65.6638,40.024],[65.6654,40.0228]],[[69.4609,40.9674],[69.4608,40.9675]],[[69.4921,40.9494],[69.492,40.9495]],[[69.492,40.9495],[69.4609,40.9674]],[[69.241,41.2437],[69.2389,41.2616],[69.2449,41.2643]],[[67.7827,40.0968],[67.7694,40.0935]],[[67.783,40.0968],[67.7827,40.0968]],[[65.7461,38.9505],[65.7462,38.9506]],[[65.7462,38.9506],[65.7508,38.9544]],[[69.2474,40.2128],[69.2408,40.2154],[69.2159,40.214],[69.1995,40.2164]],[[68.7373,40.9444],[68.7373,40.9443]],[[68.7402,40.9451],[68.7373,40.9444]],[[68.7768,40.9479],[68.7402,40.9451]],[[68.7402,40.945],[68.7501,40.9466]],[[68.7373,40.9443],[68.7374,40.9443]],[[68.7374,40.9443],[68.7402,40.945]],[[68.8037,40.9514],[68.8093,40.9531]],[[68.8093,40.9531],[68.8036,40.9514]],[[68.974,41.0425],[68.9453,41.0143],[68.9159,40.9956],[68.9011,40.9828],[68.8862,40.9755]],[[68.8746,40.97],[68.8648,40.9654]],[[69.1149,41.2148],[69.1164,41.207]],[[69.3663,41.3623],[69.3627,41.3621],[69.36,41.3593]],[[69.2584,41.1662],[69.2593,41.1707]],[[69.277,41.2822],[69.2688,41.2731]],[[69.1926,41.4053],[69.194,41.4084]],[[65.7668,38.9672],[65.7702,38.9699]],[[65.7508,38.9544],[65.7666,38.9671]],[[65.7999,38.9939],[65.8076,39.0001]],[[65.7571,38.9088],[65.757,38.9079]],[[68.8747,40.9701],[68.8746,40.97]],[[68.8746,40.97],[68.8747,40.97]],[[68.8862,40.9755],[68.8747,40.9701]],[[68.8747,40.97],[68.8863,40.9755]],[[68.8094,40.9531],[68.8253,40.9576],[68.8453,40.957],[68.8531,40.9597]],[[68.8648,40.9654],[68.8473,40.9573],[68.8261,40.9578],[68.8094,40.9531]],[[68.7769,40.9479],[68.7768,40.9479]],[[68.8094,40.9531],[68.8093,40.9531]],[[68.7326,40.9431],[68.7325,40.9431]],[[68.8093,40.9531],[68.8094,40.9531]],[[68.73,40.9424],[68.7298,40.9424]],[[68.7904,40.9496],[68.7769,40.9479]],[[68.7373,40.9443],[68.7326,40.9431]],[[68.7325,40.9431],[68.73,40.9424]],[[68.7963,40.9503],[68.8037,40.9514]],[[68.8036,40.9514],[68.7963,40.9503]],[[68.7325,40.9431],[68.7326,40.9431]],[[68.7298,40.9424],[68.73,40.9424]],[[68.7768,40.9479],[68.7769,40.9479]],[[68.7769,40.9479],[68.7904,40.9496]],[[68.7326,40.9431],[68.7373,40.9443]],[[68.73,40.9424],[68.7325,40.9431]],[[70.4735,41.1574],[70.6776,41.0791]],[[70.7447,40.9763],[70.7524,40.9631],[70.7529,40.9587],[70.7586,40.9515],[70.7533,40.9468],[70.753,40.9442],[70.7613,40.9414],[70.7689,40.9308],[70.7673,40.9267],[70.7591,40.9222],[70.765,40.9154],[70.7596,40.9085],[70.7594,40.9058],[70.7648,40.9016],[70.7729,40.9024]],[[69.3133,41.2955],[69.3137,41.2954]],[[69.2967,41.2978],[69.2981,41.3038],[69.3018,41.3071]],[[69.3126,41.3196],[69.3135,41.322]],[[69.3186,41.3316],[69.3156,41.3312]],[[71.566,40.966],[71.5743,40.9715]],[[71.5658,40.9658],[71.566,40.966]],[[66.4164,39.5562],[66.4168,39.5565]],[[66.3981,39.5212],[66.4116,39.5514],[66.4164,39.5562]],[[66.6449,38.2724],[66.6628,38.2879],[66.6706,38.2892],[66.6771,38.295],[66.6843,38.296]],[[66.2663,38.4112],[66.267,38.4111]],[[66.4285,38.3463],[66.4293,38.3464]],[[66.4293,38.3464],[66.4504,38.3484]],[[66.1325,38.4864],[66.1591,38.4562],[66.1673,38.4401],[66.176,38.434],[66.1949,38.4267],[66.1997,38.4226],[66.2061,38.421],[66.2305,38.409],[66.2416,38.4096],[66.2494,38.4148],[66.2578,38.4118],[66.2663,38.4112]],[[66.642,38.2714],[66.6449,38.2724]],[[66.8859,38.2232],[66.8861,38.2237]],[[66.8861,38.2237],[66.8906,38.2315],[66.8827,38.2382],[66.8825,38.2413],[66.8859,38.2432],[66.8922,38.2404],[66.9047,38.2405],[66.9077,38.2431],[66.9046,38.2459],[66.8989,38.244]],[[70.2011,41.0593],[70.2176,41.0634],[70.2229,41.0661],[70.232,41.0643],[70.2367,41.0675],[70.2469,41.0701],[70.2528,41.0698]],[[70.3249,41.0821],[70.3214,41.0912],[70.3218,41.0944],[70.3242,41.0964]],[[70.3312,41.1004],[70.3337,41.1028]],[[70.3242,41.0964],[70.3258,41.0971]],[[70.3308,41.0998],[70.3312,41.1004]],[[70.3237,41.0809],[70.3249,41.0821]],[[70.3258,41.0971],[70.3308,41.0998]],[[70.1931,41.0277],[70.1974,41.0371],[70.2071,41.0434],[70.1974,41.0557],[70.1979,41.0582],[70.2011,41.0593]],[[70.1927,41.0273],[70.1931,41.0277]],[[70.1557,41.0218],[70.1552,41.0217]],[[70.1667,41.0228],[70.167,41.0228]],[[70.1759,41.0228],[70.1769,41.0226]],[[70.1769,41.0226],[70.1852,41.0224]],[[70.1544,41.0215],[70.1552,41.0217]],[[70.167,41.0228],[70.1759,41.0228]],[[70.1557,41.0218],[70.1667,41.0228]],[[70.3139,41.0741],[70.321,41.0761],[70.3237,41.0809]],[[70.3121,41.0736],[70.3139,41.0741]],[[70.2968,41.076],[70.3042,41.0761],[70.3121,41.0736]],[[70.2528,41.0698],[70.2545,41.0699]],[[70.2545,41.0699],[70.2634,41.0728],[70.2757,41.0712],[70.2968,41.076]],[[69.9407,40.9514],[69.9269,40.946],[69.9055,40.9443]],[[69.9055,40.9443],[69.8991,40.9433],[69.8947,40.9386]],[[69.4584,40.9689],[69.4251,40.9881]],[[69.4584,40.9689],[69.4584,40.9689]],[[69.4608,40.9675],[69.4584,40.9689]],[[69.5971,40.9243],[69.5958,40.9245]],[[69.5958,40.9245],[69.5784,40.9264]],[[69.1912,41.4153],[69.1909,41.4161]],[[69.2826,41.2881],[69.277,41.2822]],[[65.2706,40.0816],[65.2709,40.0816]],[[65.2488,40.0813],[65.2706,40.0816]],[[69.2967,41.2978],[69.296,41.2969]],[[69.3025,41.3075],[69.3062,41.31],[69.3111,41.3166]],[[69.3111,41.3166],[69.3121,41.3183]],[[67.3828,38.0306],[67.3827,38.0308]],[[67.3835,38.0299],[67.3828,38.0306]],[[66.9381,38.2038],[66.9377,38.2038]],[[66.9377,38.2038],[66.9344,38.2025],[66.9334,38.1977],[66.928,38.1929],[66.9193,38.1923],[66.9155,38.1887],[66.912,38.1884],[66.9099,38.191],[66.909,38.2059],[66.9051,38.2087],[66.8941,38.2111],[66.8887,38.2165],[66.8859,38.2232]],[[66.8989,38.244],[66.8974,38.244]],[[66.8974,38.244],[66.8949,38.2453],[66.8924,38.2497],[66.8856,38.2499]],[[66.8827,38.2497],[66.8784,38.25]],[[66.8856,38.2499],[66.8827,38.2497]],[[66.8645,38.2572],[66.8649,38.2565]],[[66.4232,38.3457],[66.4285,38.3463]],[[66.4224,38.3455],[66.4232,38.3457]],[[66.3326,38.3857],[66.3329,38.3856]],[[66.3536,38.3772],[66.3653,38.3656],[66.3756,38.358],[66.3761,38.3498],[66.378,38.3476],[66.4039,38.343],[66.4224,38.3455]],[[68.7384,40.5821],[68.69,40.7404]],[[72.3641,40.775],[72.3643,40.7752]],[[70.719,41.021],[70.7205,41.0132],[70.7188,41.0073],[70.7234,41.0015],[70.7242,40.9966],[70.7314,40.9941],[70.733,40.9859],[70.7408,40.9834],[70.7447,40.9763]],[[70.719,41.0228],[70.719,41.021]],[[70.7188,41.0288],[70.719,41.0228]],[[70.7832,40.8771],[70.7908,40.8533],[70.8062,40.8459],[70.813,40.8362],[70.8221,40.8299],[70.8698,40.8352],[70.9032,40.837],[70.9432,40.8525]],[[70.9471,40.852],[70.9478,40.8517]],[[70.9437,40.8526],[70.9471,40.852]],[[70.9432,40.8525],[70.9437,40.8526]],[[71.0188,40.8563],[71.0489,40.8583],[71.0684,40.8538],[71.0969,40.8529]],[[71.0024,40.8551],[71.0188,40.8563]],[[70.9478,40.8517],[70.9511,40.8506],[70.9589,40.8533],[70.9871,40.8541]],[[70.9871,40.8541],[70.9876,40.8541]],[[71.1351,40.8458],[71.1347,40.8482]],[[71.1347,40.8482],[71.1358,40.8526],[71.1409,40.8549]],[[71.115,40.8496],[71.122,40.849],[71.1316,40.8514],[71.1347,40.8482]],[[71.0969,40.8529],[71.1072,40.8512]],[[71.115,40.8496],[71.1215,40.849]],[[71.1215,40.849],[71.1294,40.8512]],[[71.1294,40.8512],[71.1403,40.8548]],[[69.128,41.3099],[69.133,41.3158]],[[69.0659,41.1223],[69.0789,41.133]],[[68.9796,41.048],[68.9835,41.0515]],[[68.9795,41.0479],[68.9796,41.048]],[[68.9795,41.048],[68.9795,41.048]],[[68.9795,41.048],[68.974,41.0425]],[[69.0004,41.062],[68.9859,41.0536],[68.9795,41.048]],[[68.9653,41.0335],[68.9741,41.0424]],[[67.4117,37.5147],[67.4119,37.5152]],[[67.4047,37.5013],[67.4117,37.5147]],[[69.3446,41.356],[69.3396,41.3546]],[[61.407,41.3633],[61.429,41.3623],[61.7385,41.2875],[61.9341,41.2047]],[[64.3607,39.7432],[64.3158,39.764]],[[71.17,40.8633],[71.1708,40.8636]],[[70.461,41.162],[70.463,41.1598],[70.4735,41.1574]],[[70.46,41.1637],[70.461,41.162]],[[70.4358,41.1516],[70.4369,41.1526]],[[70.4369,41.1526],[70.4524,41.1636],[70.46,41.1637]],[[70.3337,41.1028],[70.335,41.1033]],[[70.3682,41.1263],[70.3688,41.1265]],[[70.335,41.1033],[70.3383,41.1053],[70.3387,41.1112],[70.3412,41.115],[70.358,41.1256],[70.3682,41.1263]],[[69.3136,41.3324],[69.3133,41.3328]],[[67.4982,39.9073],[67.4983,39.9077]],[[67.496,39.9288],[67.4989,39.939],[67.5118,39.9569],[67.5131,39.9629],[67.5125,39.9745],[67.5142,39.9813],[67.5182,39.9875],[67.5285,39.9978]],[[67.4502,39.8453],[67.4618,39.8546],[67.4682,39.8673],[67.4825,39.8821],[67.4957,39.901],[67.4982,39.9073]],[[67.5607,40.0212],[67.561,40.0218]],[[68.1506,40.0759],[68.0913,40.0795],[68.0795,40.0818]],[[67.9789,40.0922],[67.9783,40.0922]],[[67.9783,40.0922],[67.95,40.0935]],[[67.95,40.0935],[67.9496,40.0935]],[[67.9496,40.0935],[67.912,40.0937]],[[67.9117,40.0935],[67.912,40.0935]],[[67.912,40.0935],[67.9494,40.0926]],[[67.912,40.0937],[67.9117,40.0937]],[[67.9117,40.0937],[67.8544,40.0941]],[[68.3617,40.075],[68.3516,40.0712],[68.3313,40.0674],[68.3103,40.0578],[68.283,40.0548],[68.2717,40.0559],[68.2533,40.0612],[68.2203,40.0658],[68.196,40.0713],[68.1506,40.0759]],[[67.3807,37.254],[67.3963,37.2526]],[[64.3705,39.7385],[64.3611,39.743]],[[64.3725,39.7375],[64.3722,39.7376]],[[64.3611,39.743],[64.3607,39.7432]],[[64.4796,39.7068],[64.464,39.7068],[64.43,39.7144],[64.3953,39.727]],[[66.6528,39.6699],[66.6534,39.6702]],[[66.469,39.5782],[66.477,39.5831],[66.4948,39.6006],[66.506,39.6088],[66.5715,39.6362]],[[67.0303,38.1797],[67.0397,38.1723]],[[70.7778,40.8927],[70.7814,40.8862]],[[70.7776,40.893],[70.7778,40.8927]],[[70.7829,40.8783],[70.7832,40.8771]],[[70.7814,40.8862],[70.7829,40.8783]],[[70.6776,41.0791],[70.6968,41.0765],[70.7027,41.0711],[70.7048,41.0671]],[[71.1072,40.8512],[71.115,40.8496]],[[70.7729,40.9024],[70.773,40.9024]],[[70.773,40.9024],[70.7779,40.9008],[70.7776,40.893]],[[69.6487,40.9112],[69.643,40.916],[69.6309,40.9186]],[[67.3305,37.2571],[67.3303,37.2571]],[[67.3381,37.2566],[67.3305,37.2571]],[[71.121,40.7942],[71.1406,40.8226]],[[69.1085,40.2226],[69.1076,40.2227]],[[69.1097,40.2226],[69.1089,40.2226]],[[70.9526,40.5086],[70.9529,40.5085]],[[70.9529,40.5085],[70.9662,40.5062]],[[64.5124,39.7062],[64.5127,39.7062]],[[61.3727,41.3477],[61.3732,41.348]],[[61.3183,41.3157],[61.3396,41.3283]],[[67.4961,39.9262],[67.496,39.9288]],[[67.4983,39.9077],[67.4986,39.9146],[67.4961,39.9262]],[[64.1766,39.8393],[64.1136,40.0304]],[[64.3158,39.764],[64.3147,39.7644]],[[70.9876,40.8541],[71.0024,40.8551]],[[70.7179,41.0307],[70.7188,41.0288]],[[70.717,41.0343],[70.7179,41.0307]],[[70.7048,41.0671],[70.7056,41.0649]],[[70.7056,41.0649],[70.7061,41.0635]],[[70.7061,41.0635],[70.7073,41.0615]],[[70.7073,41.0615],[70.7093,41.0596]],[[70.7105,41.0586],[70.7159,41.0516]],[[70.7093,41.0596],[70.7105,41.0586]],[[70.7124,41.0461],[70.7126,41.0435]],[[70.7136,41.0408],[70.714,41.0381]],[[70.714,41.0381],[70.7159,41.0352]],[[70.7159,41.0352],[70.717,41.0343]],[[66.2596,39.8712],[66.2582,39.8711]],[[66.2919,39.8643],[66.2752,39.8701],[66.2596,39.8712]],[[66.2929,39.8639],[66.2919,39.8643]],[[66.4487,39.8002],[66.2929,39.8639]],[[65.9184,39.918],[65.8024,39.9434],[65.7709,39.9544]],[[66.2729,39.8706],[66.2666,39.8751]],[[66.2732,39.8703],[66.2729,39.8706]],[[68.7079,40.2673],[68.7093,40.2682]],[[68.5185,40.1398],[68.5271,40.1439],[68.6403,40.2212]],[[63.1981,40.67],[63.6478,40.5003],[63.6572,40.4949],[63.7142,40.4496]],[[64.0825,40.1235],[64.07,40.1608],[64.0617,40.1719],[63.7142,40.4496]],[[64.3948,39.7272],[64.3823,39.7328]],[[64.3953,39.727],[64.3948,39.7272]],[[69.2949,41.296],[69.2954,41.2963]],[[70.7159,41.0516],[70.7157,41.0493]],[[68.8087,40.3513],[68.8086,40.3514]],[[68.8161,40.3265],[68.8121,40.3397]],[[68.8086,40.3514],[68.8086,40.3513]],[[68.7789,40.4489],[68.7834,40.4344]],[[68.7834,40.4344],[68.7835,40.4341]],[[68.7835,40.4341],[68.8003,40.3787]],[[68.7835,40.4341],[68.7834,40.4344]],[[68.8003,40.3787],[68.7835,40.4341]],[[72.0631,41.0956],[72.0784,41.0921]],[[67.6154,40.0334],[67.5916,40.0337]],[[67.6159,40.0336],[67.6154,40.0334]],[[67.5912,40.0335],[67.6154,40.0334]],[[67.6154,40.0334],[67.6159,40.0335]],[[67.6404,40.0498],[67.6404,40.05]],[[67.6159,40.0335],[67.6249,40.0382],[67.6348,40.0388]],[[67.6348,40.0388],[67.6351,40.0389]],[[67.6351,40.0389],[67.6391,40.0425],[67.6404,40.0498]],[[67.6403,40.05],[67.6403,40.0498]],[[67.6403,40.0498],[67.6391,40.0426],[67.6351,40.0389]],[[67.6568,40.0694],[67.651,40.0667],[67.6469,40.0591],[67.6418,40.0543],[67.6403,40.05]],[[67.6573,40.0695],[67.6568,40.0694]],[[67.6404,40.05],[67.6415,40.0539],[67.6469,40.059],[67.6511,40.0667],[67.6568,40.0694]],[[67.6568,40.0694],[67.6573,40.0694]],[[62.0186,41.1687],[62.1792,41.0998]],[[64.2719,39.7831],[64.2712,39.7834]],[[64.304,39.7692],[64.2778,39.7807]],[[64.3042,39.7691],[64.304,39.7692]],[[64.3147,39.7644],[64.3042,39.7691]],[[64.0998,40.0718],[64.0997,40.0719]],[[64.1,40.0712],[64.0998,40.0718]],[[69.684,41.5474],[69.6799,41.5451]],[[69.7675,41.5705],[69.7694,41.5692]],[[69.8684,41.5986],[69.8647,41.5963]],[[64.3709,39.7383],[64.3705,39.7385]],[[64.3722,39.7376],[64.3709,39.7383]],[[69.2335,41.2617],[69.2363,41.2626]],[[64.1135,40.0307],[64.1,40.0712]],[[64.1136,40.0304],[64.1135,40.0307]],[[64.0854,40.1148],[64.0827,40.1231]],[[64.0855,40.1146],[64.0854,40.1148]],[[69.2364,41.2623],[69.2366,41.2623]],[[69.2335,41.2617],[69.2364,41.2623]],[[69.2366,41.2623],[69.2388,41.2598]],[[70.1856,41.0225],[70.1927,41.0273]],[[70.1852,41.0224],[70.1856,41.0225]],[[67.2788,37.2505],[67.2796,37.2506]],[[67.2917,37.2518],[67.2922,37.2519]],[[68.8086,40.3513],[68.812,40.34]],[[68.812,40.34],[68.8121,40.3397]],[[68.8121,40.34],[68.8087,40.3513]],[[68.8121,40.3397],[68.8121,40.34]],[[67.3826,38.0312],[67.383,38.0345],[67.3891,38.0396],[67.3931,38.0531],[67.3907,38.0685],[67.3848,38.0783],[67.3768,38.0836],[67.3667,38.0934],[67.3622,38.0938],[67.3531,38.0892],[67.3353,38.0941],[67.3284,38.0979],[67.3166,38.0967],[67.3093,38.0981],[67.2959,38.0963],[67.2699,38.1042],[67.2512,38.1031],[67.2398,38.1102]],[[67.3827,38.0308],[67.3826,38.0312]],[[64.0997,40.0719],[64.0855,40.1146]],[[64.0827,40.1231],[64.0825,40.1235]],[[61.9341,41.2047],[61.9562,41.1953]],[[61.9562,41.1953],[62.0186,41.1687]],[[62.1803,41.0993],[62.5049,40.9589]],[[62.1792,41.0998],[62.1803,41.0993]],[[62.5723,40.9295],[62.9695,40.7553],[63.0621,40.7207]],[[60.635,41.5362],[60.6212,41.5371]],[[66.8514,39.6957],[66.8725,39.6919],[66.9239,39.6865]],[[66.8893,39.6902],[66.8515,39.6957]],[[69.9264,41.6212],[69.9235,41.62]],[[64.5596,39.731],[64.5923,39.7599]],[[66.5546,39.7779],[66.5264,39.7783],[66.5043,39.7821]],[[65.8537,39.9323],[65.8013,39.9438],[65.771,39.9545]],[[68.4852,40.1289],[68.4778,40.1266]],[[67.5747,40.0296],[67.5766,40.0301]],[[67.5285,39.9978],[67.5572,40.017],[67.5607,40.0212]],[[67.4196,39.8281],[67.3878,39.8117]],[[69.9131,41.6164],[69.9112,41.6156]],[[69.8018,41.5706],[69.8069,41.5727]],[[69.8017,41.5706],[69.8018,41.5706]],[[65.2484,40.0813],[65.2488,40.0813]],[[65.2263,40.081],[65.2484,40.0813]],[[65.2261,40.081],[65.2263,40.081]],[[65.1989,40.0806],[65.2261,40.081]],[[65.1887,40.0805],[65.1884,40.0805]],[[65.1989,40.0806],[65.1887,40.0805]],[[69.2941,41.2955],[69.2944,41.2957]],[[69.2826,41.288],[69.283,41.2883]],[[67.8533,40.0941],[67.8484,40.0946]],[[67.8184,40.0951],[67.8239,40.0956],[67.8298,40.1003],[67.8339,40.1012]],[[67.8484,40.0946],[67.8368,40.1011]],[[67.8368,40.1011],[67.8362,40.1012]],[[67.8345,40.1012],[67.848,40.0946],[67.855,40.094]],[[65.306,40.0895],[65.3095,40.0897]],[[65.3057,40.0895],[65.306,40.0895]],[[64.5928,39.7603],[64.5923,39.7599]],[[64.5328,39.71],[64.5382,39.714]],[[64.5327,39.71],[64.5224,39.706],[64.5127,39.7063]],[[64.5605,39.7316],[64.5596,39.731]],[[67.7389,40.091],[67.7391,40.091]],[[67.6573,40.0694],[67.6916,40.0719],[67.6994,40.0774],[67.7095,40.0818],[67.7332,40.0904],[67.7389,40.091]],[[67.7827,40.0967],[67.783,40.0968]],[[67.7391,40.091],[67.765,40.0925],[67.7827,40.0967]],[[67.8123,40.0962],[67.8125,40.0961]],[[67.783,40.0968],[67.8074,40.0973],[67.8123,40.0962]],[[67.8123,40.0963],[67.8074,40.0974],[67.783,40.0968]],[[67.8125,40.0962],[67.8123,40.0963]],[[67.8362,40.1012],[67.8346,40.1012]],[[67.8544,40.0941],[67.8539,40.0941]],[[67.855,40.094],[67.9117,40.0935]],[[66.9879,39.688],[66.9793,39.6894],[66.9624,39.6877]],[[66.9887,39.6879],[66.9879,39.688]],[[66.9887,39.6879],[66.9956,39.6883],[67.0044,39.6955],[67.0267,39.6973],[67.0349,39.6966],[67.0483,39.6906],[67.055,39.6908]],[[66.9621,39.6877],[66.9624,39.6877]],[[66.9624,39.6877],[66.9621,39.6877]],[[66.95,39.687],[66.9485,39.6868]],[[66.9621,39.6877],[66.95,39.687]],[[66.9366,39.6852],[66.9338,39.6855]],[[66.9338,39.6855],[66.9208,39.6869]],[[67.1986,39.7315],[67.1984,39.7314]],[[67.1985,39.7314],[67.1986,39.7315]],[[67.11,39.7025],[67.1985,39.7314]],[[67.2121,39.7364],[67.2237,39.7415]],[[67.212,39.7363],[67.2121,39.7364]],[[67.2121,39.7364],[67.212,39.7364]],[[67.2237,39.7415],[67.2121,39.7364]],[[67.2238,39.7415],[67.2325,39.7453]],[[67.2237,39.7415],[67.2238,39.7415]],[[67.2326,39.7454],[67.2424,39.75]],[[67.2325,39.7453],[67.2326,39.7454]],[[67.2575,39.7597],[67.2735,39.7654]],[[67.2424,39.75],[67.2426,39.7502]],[[67.11,39.7025],[67.1097,39.7024]],[[67.1986,39.7315],[67.212,39.7363]],[[67.1097,39.7024],[67.11,39.7025]],[[67.0753,39.6947],[67.0569,39.6913]],[[67.0755,39.6948],[67.0753,39.6947]],[[67.0753,39.6947],[67.0755,39.6947]],[[67.0569,39.6912],[67.0753,39.6947]],[[67.055,39.6908],[67.0569,39.6912]],[[67.3877,39.8116],[67.3878,39.8116]],[[67.3878,39.8117],[67.3877,39.8116]],[[67.3877,39.8116],[67.3679,39.8037]],[[67.368,39.8037],[67.3877,39.8116]],[[67.3678,39.8036],[67.368,39.8037]],[[67.3546,39.7986],[67.3678,39.8036]],[[67.3679,39.8037],[67.3678,39.8037]],[[67.3678,39.8037],[67.3545,39.7986]],[[67.3545,39.7985],[67.3546,39.7986]],[[67.3545,39.7986],[67.3544,39.7986]],[[67.3544,39.7986],[67.2934,39.7721]],[[67.2935,39.772],[67.3545,39.7985]],[[67.293,39.7718],[67.2935,39.772]],[[67.2426,39.7502],[67.2575,39.7597]],[[67.2929,39.7719],[67.2728,39.7653]],[[67.8346,40.1012],[67.8329,40.1012]],[[67.8345,40.1012],[67.8339,40.1012]],[[68.6403,40.2212],[68.6415,40.222]],[[68.6415,40.222],[68.7079,40.2673]],[[68.4911,40.1308],[68.4904,40.1306]],[[68.4898,40.1304],[68.4916,40.1309]],[[68.3914,40.0875],[68.3617,40.075]],[[68.3918,40.0876],[68.3914,40.0875]],[[68.4778,40.1266],[68.3918,40.0876]],[[67.8174,40.0952],[67.8184,40.0951]],[[67.8125,40.0961],[67.8174,40.0952]],[[68.8004,40.3786],[68.8003,40.3787]],[[68.8086,40.3514],[68.8004,40.3786]],[[68.8003,40.3786],[68.8086,40.3514]],[[68.8003,40.3787],[68.8003,40.3786]],[[68.7674,40.487],[68.7715,40.4736]],[[68.7674,40.4871],[68.7674,40.487]],[[68.7673,40.4871],[68.7659,40.4916]],[[68.7674,40.487],[68.7673,40.4871]],[[68.7657,40.4926],[68.7658,40.492]],[[68.7628,40.5018],[68.7624,40.5031]],[[68.7626,40.5027],[68.7628,40.5021]],[[68.8404,40.2459],[68.8405,40.2458]],[[68.8338,40.2679],[68.8404,40.2459]],[[68.8336,40.2685],[68.8271,40.2902]],[[68.8245,40.2987],[68.8271,40.2902]],[[68.8271,40.2903],[68.8161,40.3265]],[[68.8245,40.2987],[68.8244,40.2991]],[[69.2785,41.2705],[69.2606,41.267]],[[71.6351,40.9964],[71.6473,41.0016]],[[67.2746,37.2501],[67.2768,37.2503]],[[67.2796,37.2506],[67.2861,37.2512]],[[65.7771,38.8211],[65.7812,38.8161]],[[65.7816,38.8156],[65.7813,38.8159]],[[69.1139,41.1698],[69.1429,41.1916]],[[61.0492,41.3247],[61.0673,41.3172]],[[61.0107,41.3405],[61.0492,41.3247]],[[61.1946,41.2632],[61.212,41.2555],[61.2199,41.2549],[61.2262,41.2575],[61.2435,41.2714]],[[60.7429,41.4804],[60.7431,41.4803]],[[60.6939,41.5092],[60.7429,41.4804]],[[69.2159,41.2535],[69.2143,41.2526]],[[69.2147,41.2528],[69.216,41.2535]],[[72.3641,40.775],[72.3599,40.7726]],[[72.1342,40.9194],[72.1455,40.9194]],[[72.1455,40.9194],[72.1458,40.9195]],[[66.2582,39.8711],[66.2517,39.8704]],[[66.2517,39.8704],[66.2511,39.8704]],[[66.2511,39.8704],[66.2241,39.8676],[66.2027,39.8694]],[[66.2027,39.8694],[66.2023,39.8695]],[[65.7704,39.9545],[65.7278,39.9702],[65.6939,39.9973]],[[65.7709,39.9544],[65.7704,39.9545]],[[65.6782,40.0113],[65.6654,40.0228]],[[65.6783,40.0112],[65.6782,40.0113]],[[66.1447,39.9186],[66.1425,39.9178]],[[66.145,39.9187],[66.1447,39.9186]],[[66.5764,39.7732],[66.5549,39.7778]],[[66.5549,39.7778],[66.5546,39.7778]],[[66.5765,39.7734],[66.5549,39.7779]],[[66.5549,39.7779],[66.5546,39.7779]],[[66.6581,39.7205],[66.6451,39.729],[66.6191,39.7348],[66.599,39.7658],[66.5949,39.7683],[66.5835,39.7714]],[[66.5835,39.7714],[66.5829,39.7715]],[[66.6694,39.7121],[66.659,39.7198]],[[66.6582,39.7205],[66.6702,39.7115]],[[66.6694,39.7121],[66.678,39.7068],[66.7223,39.6952]],[[68.7564,40.5233],[68.7565,40.5228]],[[68.7384,40.5821],[68.7564,40.5233]],[[68.6898,40.7404],[68.7313,40.6052]],[[68.6897,40.7406],[68.6898,40.7404]],[[68.6899,40.7406],[68.6848,40.7617]],[[68.69,40.7404],[68.6899,40.7406]],[[68.6847,40.7616],[68.6897,40.7406]],[[68.6847,40.7617],[68.6847,40.7616]],[[68.6848,40.7617],[68.6747,40.8194]],[[68.6848,40.7617],[68.6848,40.7617]],[[64.8596,40.0358],[64.8487,40.0301]],[[64.8622,40.0371],[64.8596,40.0358]],[[65.2915,40.0804],[65.2949,40.0807]],[[65.2949,40.0807],[65.2953,40.0808]],[[65.2906,40.0805],[65.2915,40.0804]],[[65.2781,40.0814],[65.2789,40.0814]],[[72.017,41.1045],[72.0224,41.1057],[72.0316,41.1036]],[[72.0316,41.1036],[72.0327,41.1033]],[[72.0327,41.1033],[72.034,41.103]],[[72.034,41.103],[72.0348,41.1028]],[[72.0348,41.1028],[72.0356,41.1025]],[[72.0356,41.1025],[72.0362,41.1024]],[[72.0362,41.1024],[72.0388,41.1017]],[[72.0388,41.1017],[72.0419,41.101]],[[72.0419,41.101],[72.0603,41.0963]],[[72.0603,41.0963],[72.0608,41.0962]],[[72.0608,41.0962],[72.0624,41.0958]],[[72.0624,41.0958],[72.0631,41.0956]],[[72.0789,41.0921],[72.0873,41.0912],[72.0903,41.0859]],[[72.0784,41.0921],[72.0789,41.0921]],[[72.1458,40.9195],[72.148,40.9196]],[[72.148,40.9196],[72.1483,40.9197]],[[71.9771,40.4998],[71.9881,40.5019]],[[71.977,40.4998],[71.9771,40.4998]],[[71.7373,40.4491],[71.7449,40.4544]],[[71.7296,40.445],[71.7309,40.4455]],[[71.7309,40.4455],[71.7312,40.4457]],[[71.7587,40.4586],[71.7449,40.4544]],[[71.7586,40.4585],[71.7592,40.4587]],[[71.7586,40.4585],[71.746,40.4547]],[[70.9503,40.5958],[70.9483,40.594]],[[70.9483,40.594],[70.9482,40.5939]],[[70.9482,40.5939],[70.9421,40.5882],[70.9357,40.5776]],[[70.934,40.5755],[70.9339,40.5753]],[[69.0132,40.2269],[69.0355,40.2293],[69.0491,40.2276]],[[69.013,40.2269],[69.0132,40.2269]],[[67.5927,37.8358],[67.5929,37.8361]],[[67.5927,37.8358],[67.5923,37.8353]],[[67.5929,37.8361],[67.5932,37.8365]],[[67.0397,38.1723],[67.0434,38.1679]],[[61.3954,41.3608],[61.3819,41.3543]],[[61.3954,41.3608],[61.3968,41.3612]],[[61.3968,41.3612],[61.407,41.3633]],[[69.5022,41.4085],[69.4933,41.4049]],[[69.5024,41.4086],[69.5022,41.4085]],[[65.7931,38.7985],[65.7927,38.8002]],[[65.7927,38.8002],[65.7926,38.8005]],[[65.7812,38.8161],[65.7907,38.8046],[65.7951,38.8029]],[[65.7951,38.8029],[65.7955,38.8029]],[[67.2626,37.2573],[67.2677,37.2517],[67.2746,37.2501]],[[69.8632,41.5955],[69.8613,41.5945]],[[69.8613,41.5945],[69.8609,41.5943]],[[69.283,41.2883],[69.2834,41.2886]],[[65.7585,38.8486],[65.7616,38.84],[65.771,38.8284]],[[65.7528,38.8689],[65.7528,38.8688]],[[65.7585,38.8488],[65.7585,38.8486]],[[65.7528,38.8688],[65.7585,38.8488]],[[70.9339,40.5753],[70.9316,40.5727]],[[70.9316,40.5727],[70.9315,40.5726]],[[68.7017,40.9342],[68.7016,40.9341]],[[68.7298,40.9424],[68.7017,40.9342]],[[68.7017,40.9342],[68.7016,40.9342]],[[69.3061,41.3432],[69.3054,41.3437]],[[69.2166,41.2539],[69.2159,41.2535]],[[65.8539,39.9322],[65.8537,39.9323]],[[65.918,39.9182],[65.8539,39.9322]],[[66.065,39.9127],[66.0649,39.9127]],[[66.1425,39.9178],[66.1227,39.9154],[66.1103,39.916]],[[66.065,39.9126],[66.0649,39.9126]],[[66.2023,39.8695],[66.1944,39.8723],[66.1443,39.9032],[66.1334,39.908],[66.104,39.9125],[66.065,39.9126]],[[66.1103,39.916],[66.1099,39.916]],[[66.1099,39.916],[66.0763,39.913]],[[69.8947,40.9386],[69.8871,40.9362],[69.8773,40.9377],[69.8685,40.936]],[[61.1807,41.2708],[61.193,41.2644]],[[61.1642,41.2775],[61.1807,41.2708]],[[61.164,41.2776],[61.1642,41.2775]],[[61.0674,41.3172],[61.0682,41.3169]],[[61.0673,41.3172],[61.0674,41.3172]],[[60.9673,41.3583],[60.98,41.3531]],[[60.98,41.3531],[60.9801,41.3531]],[[60.6388,41.5359],[60.6511,41.5343],[60.6759,41.5198]],[[61.3732,41.348],[61.3819,41.3543]],[[62.5049,40.9589],[62.5723,40.9295]],[[64.2573,39.7892],[64.2236,39.8033],[64.2108,39.8114],[64.1894,39.8184],[64.1812,39.8267],[64.1767,39.839]],[[64.1767,39.839],[64.1766,39.8393]],[[64.2712,39.7834],[64.2575,39.7891]],[[64.2575,39.7891],[64.2573,39.7892]],[[64.2775,39.7808],[64.2719,39.7831]],[[64.2778,39.7807],[64.2775,39.7808]],[[64.382,39.7329],[64.3725,39.7375]],[[64.3823,39.7328],[64.382,39.7329]],[[64.4803,39.7067],[64.5124,39.7062]],[[64.5382,39.714],[64.5327,39.71]],[[64.5431,39.7179],[64.547,39.7209]],[[64.5617,39.7325],[64.5609,39.7319]],[[64.5609,39.7319],[64.5605,39.7316]],[[64.8975,40.0586],[64.8956,40.0581]],[[65.3109,40.0896],[65.3132,40.0894]],[[65.3697,40.0744],[65.3933,40.0729]],[[65.3576,40.0753],[65.3578,40.0753]],[[65.3563,40.0753],[65.3576,40.0752]],[[65.3576,40.0752],[65.3577,40.0752]],[[65.2781,40.0814],[65.3102,40.0789]],[[65.3102,40.0789],[65.3104,40.0789]],[[65.3578,40.0753],[65.3695,40.0744]],[[65.3577,40.0752],[65.3695,40.0743]],[[65.3695,40.0744],[65.3697,40.0744]],[[65.3695,40.0743],[65.3697,40.0743]],[[65.3933,40.0729],[65.4048,40.0729]],[[65.6638,40.024],[65.6406,40.0411],[65.6169,40.0541],[65.5881,40.0609],[65.5432,40.0675]],[[65.5432,40.0675],[65.543,40.0675]],[[65.4048,40.0729],[65.5002,40.0734],[65.543,40.0676]],[[65.543,40.0676],[65.5432,40.0676]],[[65.6938,39.9974],[65.6783,40.0112]],[[65.6939,39.9973],[65.6938,39.9974]],[[65.6939,39.9975],[65.6785,40.0113]],[[65.694,39.9974],[65.6939,39.9975]],[[66.076,39.913],[66.065,39.9127]],[[66.0763,39.913],[66.076,39.913]],[[66.3691,39.8064],[66.3369,39.823]],[[66.3694,39.8062],[66.3691,39.8064]],[[66.3751,39.7995],[66.3694,39.8062]],[[66.3753,39.7993],[66.3751,39.7995]],[[66.4031,39.7377],[66.3991,39.741]],[[66.5829,39.7715],[66.5765,39.7732]],[[66.5765,39.7732],[66.5764,39.7732]],[[66.659,39.7198],[66.6581,39.7205]],[[66.6551,39.7229],[66.6582,39.7205]],[[66.5043,39.7821],[66.4842,39.7861],[66.4637,39.7941]],[[66.4637,39.7941],[66.4631,39.7943]],[[66.4631,39.7943],[66.4578,39.7965]],[[66.4578,39.7965],[66.4573,39.7967]],[[66.4573,39.7967],[66.4491,39.8001]],[[66.4491,39.8001],[66.4487,39.8002]],[[67.4499,39.8453],[67.4196,39.8281]],[[67.4502,39.8454],[67.4499,39.8453]],[[67.3878,39.8116],[67.45,39.8452]],[[67.45,39.8452],[67.4502,39.8453]],[[67.4581,39.8742],[67.4603,39.8707],[67.4579,39.8629],[67.4599,39.8558],[67.4553,39.8487],[67.4502,39.8454]],[[67.458,39.8743],[67.4581,39.8742]],[[67.4493,39.9379],[67.4565,39.9331],[67.4576,39.9242]],[[67.4565,39.9098],[67.4565,39.9096]],[[67.4583,39.9136],[67.4565,39.9098]],[[67.4583,39.9136],[67.4583,39.9136]],[[67.4594,39.9179],[67.4583,39.9136]],[[67.4593,39.918],[67.4594,39.9179]],[[67.4576,39.924],[67.4593,39.918]],[[67.4576,39.9242],[67.4576,39.924]],[[67.4433,39.9458],[67.444,39.9413],[67.4493,39.9379]],[[67.4433,39.946],[67.4433,39.9458]],[[67.422,39.9973],[67.4357,39.9874]],[[67.422,39.9974],[67.422,39.9973]],[[67.4121,40.0188],[67.4099,40.0157],[67.4103,40.0124],[67.4133,40.0084],[67.4211,40.0043],[67.422,39.9974]],[[67.4123,40.019],[67.4121,40.0188]],[[67.4193,40.0208],[67.4123,40.019]],[[67.4197,40.0209],[67.4193,40.0208]],[[67.8533,40.0941],[67.8539,40.0941]],[[67.8604,40.0941],[67.8547,40.0942]],[[65.7702,38.9699],[65.7823,38.9798]],[[65.7823,38.9798],[65.7825,38.9799]],[[65.7823,38.9798],[65.7825,38.9799]],[[65.7825,38.9799],[65.7898,38.9858]],[[65.7898,38.9858],[65.79,38.9859]],[[65.7898,38.9858],[65.79,38.9859]],[[65.79,38.9859],[65.7962,38.9909]],[[65.7962,38.9909],[65.7964,38.991]],[[65.7962,38.9909],[65.7964,38.991]],[[65.7964,38.991],[65.7996,38.9937]],[[65.7996,38.9937],[65.7999,38.9939]],[[65.7996,38.9937],[65.7999,38.9939]],[[65.8492,39.0349],[65.8684,39.0512],[65.8892,39.0636]],[[65.8892,39.0636],[65.8894,39.0638]],[[65.8894,39.0638],[65.916,39.0795]],[[65.916,39.0795],[65.9168,39.08]],[[65.9966,39.1478],[66.0048,39.155]],[[66.0048,39.155],[66.0054,39.1555]],[[66.0331,39.1813],[66.0679,39.2223]],[[66.0679,39.2223],[66.0684,39.2228]],[[66.0684,39.2228],[66.0884,39.2464]],[[66.0884,39.2464],[66.0888,39.2469]],[[66.0888,39.2469],[66.1006,39.2607]],[[66.1006,39.2607],[66.1009,39.2611]],[[66.1009,39.2611],[66.1228,39.285]],[[66.1228,39.285],[66.1232,39.2854]],[[66.1232,39.2854],[66.1507,39.3125]],[[66.1507,39.3125],[66.1508,39.3126]],[[66.2076,39.3683],[66.2155,39.373]],[[66.2155,39.373],[66.2159,39.3732]],[[66.2159,39.3732],[66.229,39.3798],[66.2333,39.3838]],[[66.2333,39.3838],[66.2334,39.3841]],[[66.2492,39.4136],[66.2652,39.428]],[[66.2489,39.4133],[66.2492,39.4136]],[[66.3287,39.4743],[66.3327,39.4766]],[[66.3327,39.4766],[66.3331,39.4768]],[[66.3933,39.5119],[66.398,39.5209]],[[66.393,39.5116],[66.3933,39.5119]],[[66.5717,39.6363],[66.6528,39.6699]],[[66.5715,39.6362],[66.5717,39.6363]],[[66.7174,39.6949],[66.7326,39.6933]],[[66.7073,39.6932],[66.7079,39.6933]],[[66.7079,39.6933],[66.7169,39.6948]],[[66.7169,39.6948],[66.7174,39.6949]],[[65.757,38.9079],[65.7563,38.9041]],[[65.7563,38.9041],[65.7562,38.9038]],[[65.771,38.8284],[65.7727,38.8263]],[[65.8632,38.7605],[65.8786,38.7498]],[[65.8786,38.7498],[65.8786,38.7498]],[[66.0087,38.6875],[66.0237,38.6812],[66.0565,38.6753]],[[65.9692,38.7049],[65.9693,38.7048]],[[65.9693,38.7048],[66.0086,38.6875]],[[66.0086,38.6875],[66.0087,38.6875]],[[66.0567,38.6753],[66.0601,38.6746]],[[66.0565,38.6753],[66.0567,38.6753]],[[66.1214,38.5491],[66.1227,38.5379]],[[66.1212,38.5494],[66.1214,38.5491]],[[66.3329,38.3856],[66.3511,38.3795]],[[66.3511,38.3795],[66.3513,38.3793]],[[66.3513,38.3793],[66.3534,38.3774]],[[66.3534,38.3774],[66.3536,38.3772]],[[66.8205,38.2569],[66.8224,38.2578]],[[66.8318,38.2637],[66.8345,38.2664]],[[67.1386,38.1275],[67.1394,38.1282]],[[67.1394,38.1282],[67.1397,38.1284]],[[67.5539,37.7922],[67.5644,37.8042]],[[67.5538,37.7921],[67.5539,37.7922]],[[67.4119,37.5152],[67.4268,37.5462],[67.4508,37.5882],[67.4608,37.6204]],[[67.4608,37.6204],[67.4609,37.6205]],[[67.2768,37.2503],[67.2788,37.2505]],[[67.9984,40.0896],[68.0061,40.0909]],[[67.994,40.0907],[67.9941,40.0906]],[[67.9941,40.0906],[67.9983,40.0896]],[[67.9983,40.0896],[67.9984,40.0896]],[[68.1519,40.0757],[68.1781,40.0735]],[[68.1517,40.0757],[68.1519,40.0757]],[[68.0522,40.0903],[68.0565,40.0892]],[[68.0522,40.0904],[68.0522,40.0903]],[[68.1781,40.0735],[68.1785,40.0735]],[[68.1785,40.0735],[68.1787,40.0734]],[[68.1787,40.0734],[68.1838,40.0727]],[[68.1838,40.0727],[68.184,40.0727]],[[68.1987,40.0705],[68.2086,40.0682]],[[68.1986,40.0705],[68.1987,40.0705]],[[68.2205,40.0655],[68.2291,40.0645]],[[68.2291,40.0645],[68.2292,40.0644]],[[68.2549,40.06],[68.263,40.0582]],[[68.263,40.0582],[68.2631,40.0581]],[[68.2631,40.0581],[68.2701,40.0551]],[[68.2701,40.0551],[68.2703,40.0551]],[[68.3355,40.0642],[68.3408,40.0661]],[[68.3408,40.0661],[68.3409,40.0661]],[[68.3476,40.0688],[68.3507,40.0701]],[[68.3475,40.0688],[68.3476,40.0688]],[[68.3507,40.0702],[68.3515,40.0705]],[[68.3515,40.0705],[68.3516,40.0705]],[[68.3516,40.0705],[68.3538,40.0715]],[[68.3538,40.0715],[68.3539,40.0715]],[[68.3539,40.0715],[68.3553,40.0721]],[[68.3553,40.0721],[68.3554,40.0721]],[[68.3554,40.0721],[68.3561,40.0724]],[[68.3561,40.0724],[68.3562,40.0725]],[[68.3619,40.0749],[68.3721,40.0792]],[[68.3721,40.0792],[68.3722,40.0792]],[[68.3867,40.0854],[68.3915,40.0873]],[[68.3866,40.0854],[68.3867,40.0854]],[[68.3918,40.0874],[68.3958,40.0889]],[[68.3958,40.0889],[68.3959,40.089]],[[68.3959,40.089],[68.4035,40.0924]],[[68.4035,40.0924],[68.4037,40.0924]],[[68.4037,40.0924],[68.4144,40.0973]],[[68.4144,40.0973],[68.4145,40.0973]],[[68.4145,40.0973],[68.4199,40.0997]],[[68.4199,40.0997],[68.4201,40.0998]],[[68.4201,40.0998],[68.4458,40.1112]],[[68.4458,40.1112],[68.4459,40.1113]],[[68.472,40.1243],[68.4898,40.1304]],[[68.4718,40.1242],[68.472,40.1243]],[[68.8271,40.2903],[68.8273,40.2896]],[[68.8521,40.2095],[68.8626,40.2107]],[[68.8519,40.2095],[68.8521,40.2095]],[[68.8626,40.2107],[68.9241,40.2173]],[[68.9241,40.2173],[68.9243,40.2173]],[[68.9825,40.2236],[69.013,40.2269]],[[68.9824,40.2236],[68.9825,40.2236]],[[69.2474,40.2128],[69.2497,40.2111]],[[69.2478,40.2124],[69.2497,40.2111]],[[69.0997,41.1592],[69.1004,41.1598]],[[69.1004,41.1598],[69.1007,41.1601]],[[69.2983,41.3476],[69.2981,41.3478]],[[69.2981,41.3478],[69.298,41.3479]],[[69.298,41.3477],[69.2983,41.3476]],[[69.2979,41.3478],[69.298,41.3477]],[[69.3124,41.3191],[69.3126,41.3196]],[[69.3841,41.3639],[69.3824,41.3633]],[[69.4245,41.3744],[69.4285,41.3762]],[[69.7646,41.5725],[69.7656,41.5717]],[[69.7656,41.5717],[69.7657,41.5717]],[[69.7673,41.5706],[69.7675,41.5705]],[[69.8645,41.5962],[69.8632,41.5955]],[[69.8647,41.5963],[69.8645,41.5962]],[[69.2954,41.2963],[69.3024,41.2984]],[[69.2428,41.2638],[69.2461,41.2643]],[[69.2907,41.293],[69.2941,41.2955]],[[69.2894,41.2926],[69.2872,41.2912]],[[69.2495,41.1966],[69.2485,41.198]],[[69.2532,41.1384],[69.2556,41.1513]],[[69.2532,41.1383],[69.2532,41.1384]],[[69.2473,41.107],[69.25,41.121]],[[69.2473,41.1069],[69.2473,41.107]],[[69.2433,41.0854],[69.245,41.0943]],[[69.245,41.0943],[69.245,41.0944]],[[69.2429,41.0835],[69.2433,41.0853]],[[69.2433,41.0853],[69.2433,41.0854]],[[69.2409,41.0724],[69.2409,41.0725]],[[69.3647,41.0003],[69.374,40.9986]],[[69.7533,40.9131],[69.7267,40.9067]],[[69.7267,40.9067],[69.7265,40.9067]],[[69.7597,40.9147],[69.7533,40.9131]],[[69.7598,40.9147],[69.7597,40.9147]],[[70.0162,40.978],[70.015,40.9777]],[[70.0164,40.9781],[70.0162,40.978]],[[70.1339,41.0185],[70.1285,41.0178]],[[70.1486,41.0206],[70.1453,41.0201]],[[70.7157,41.0493],[70.714,41.0478]],[[70.714,41.0478],[70.7126,41.0463]],[[70.7126,41.0463],[70.7124,41.0461]],[[70.7126,41.0435],[70.7136,41.0408]],[[71.1403,40.8548],[71.1495,40.8572]],[[71.0036,40.6451],[71.0034,40.6449]],[[70.9891,40.6308],[70.9826,40.6249]],[[70.9892,40.6308],[70.9891,40.6308]],[[70.9355,40.5774],[70.934,40.5755]],[[70.9357,40.5776],[70.9355,40.5774]],[[71.0102,40.4886],[71.0131,40.4874]],[[71.01,40.4886],[71.0102,40.4886]],[[71.0846,40.475],[71.1095,40.4708]],[[71.1095,40.4708],[71.1097,40.4707]],[[71.0752,40.4766],[71.0755,40.4766]],[[71.1097,40.4707],[71.1226,40.4685]],[[71.1226,40.4685],[71.1227,40.4685]],[[71.1389,40.4657],[71.1391,40.4656]],[[71.1912,40.4599],[71.1999,40.4591]],[[71.1999,40.4591],[71.2,40.4591]],[[71.2123,40.4579],[71.2767,40.4514]],[[71.2767,40.4514],[71.2769,40.4513]],[[71.2769,40.4513],[71.3055,40.4483]],[[71.3055,40.4483],[71.3057,40.4482]],[[71.3584,40.4426],[71.3627,40.4421]],[[71.3627,40.4421],[71.3627,40.4421]],[[71.4475,40.4329],[71.4938,40.4275]],[[71.4474,40.4329],[71.4475,40.4329]],[[71.494,40.4275],[71.5094,40.4257]],[[71.4938,40.4275],[71.494,40.4275]],[[71.6203,40.4177],[71.6291,40.4181]],[[71.6202,40.4177],[71.6203,40.4177]],[[71.6291,40.4181],[71.6419,40.4193]],[[71.6419,40.4193],[71.642,40.4193]],[[71.6852,40.4328],[71.6854,40.4328]],[[71.7276,40.4442],[71.7309,40.4456]],[[71.7592,40.4587],[71.7595,40.4588]],[[71.7972,40.4622],[71.7977,40.4623]],[[71.7977,40.4623],[71.7979,40.4624]],[[71.7979,40.4624],[71.8027,40.4638]],[[71.8027,40.4638],[71.8029,40.4639]],[[71.8102,40.4663],[71.8311,40.4733]],[[71.8311,40.4733],[71.8313,40.4734]],[[71.9526,40.4969],[71.977,40.4998]],[[71.9525,40.4969],[71.9526,40.4969]],[[72.0116,40.5132],[72.0086,40.511]],[[72.0118,40.5133],[72.0116,40.5132]],[[72.0325,40.5285],[72.0118,40.5133]],[[72.0327,40.5286],[72.0325,40.5285]],[[72.0755,40.5599],[72.0629,40.5507]],[[72.0629,40.5507],[72.0628,40.5506]],[[72.0844,40.5663],[72.0755,40.5599]],[[72.0846,40.5665],[72.0844,40.5663]],[[72.1278,40.5992],[72.1277,40.5992]],[[72.1962,40.6498],[72.1993,40.6514]],[[72.2292,40.6711],[72.2291,40.6711]],[[72.3547,40.7663],[72.344,40.7586]],[[72.3593,40.772],[72.3547,40.7663]],[[72.3763,40.8331],[72.3767,40.8297]],[[72.3386,40.8476],[72.3515,40.8416],[72.373,40.8361],[72.3763,40.8331]],[[72.317,40.8577],[72.3271,40.8531]],[[72.2756,40.8824],[72.2881,40.8745]],[[72.2881,40.8745],[72.2882,40.8744]],[[72.2754,40.8825],[72.2756,40.8824]],[[72.2756,40.8824],[72.2756,40.8824]],[[72.247,40.9005],[72.2534,40.8964]],[[72.2545,40.8957],[72.2546,40.8957]],[[72.2536,40.8963],[72.2545,40.8957]],[[72.2534,40.8964],[72.2536,40.8963]],[[72.1247,40.9213],[72.1248,40.9212]],[[72.0847,41.1199],[72.0847,41.1194]],[[72.0847,41.1194],[72.0854,41.1157]],[[72.0847,41.1199],[72.0842,41.1211]],[[71.8758,41.0846],[71.8853,41.0842]],[[71.8853,41.0842],[71.8854,41.0842]],[[71.8156,41.0699],[71.8162,41.0703]],[[71.8155,41.0698],[71.8156,41.0699]],[[71.7496,41.0436],[71.7552,41.0446]],[[71.7493,41.0435],[71.7496,41.0436]],[[71.7339,41.038],[71.7493,41.0435]],[[71.7337,41.0379],[71.7339,41.038]],[[71.7269,41.0362],[71.7337,41.0379]],[[71.7267,41.0362],[71.7269,41.0362]],[[71.6327,40.9958],[71.6351,40.9964]],[[71.4994,40.939],[71.5199,40.9409]],[[71.5199,40.9409],[71.5208,40.9412]],[[71.4934,40.9387],[71.4994,40.939]],[[71.4932,40.9387],[71.4934,40.9387]],[[71.427,40.9301],[71.4409,40.9354]],[[71.4269,40.9301],[71.427,40.9301]],[[71.4249,40.9287],[71.4269,40.9301]],[[71.4248,40.9286],[71.4249,40.9287]],[[71.4217,40.9265],[71.4248,40.9286]],[[71.4216,40.9265],[71.4217,40.9265]],[[71.3718,40.9071],[71.3728,40.9075]],[[71.3728,40.9075],[71.3729,40.9076]],[[71.2818,40.8888],[71.2901,40.89]],[[71.2816,40.8887],[71.2818,40.8888]],[[71.2722,40.8874],[71.2816,40.8887]],[[71.2721,40.8874],[71.2722,40.8874]],[[71.2587,40.8854],[71.2721,40.8874]],[[71.2585,40.8854],[71.2587,40.8854]],[[69.5436,41.4276],[69.5481,41.4297],[69.5524,41.4286],[69.5571,41.4167],[69.5558,41.414],[69.5429,41.4051],[69.5422,41.4026],[69.5437,41.3993]],[[69.5443,41.398],[69.5465,41.3879]],[[69.5437,41.3993],[69.5443,41.398]],[[69.5465,41.3879],[69.5467,41.3878]],[[69.5467,41.3878],[69.5532,41.3816],[69.5443,41.3572]],[[69.6096,41.3131],[69.6199,41.3089],[69.6416,41.3064],[69.6695,41.299]],[[69.5443,41.3572],[69.544,41.3564]],[[69.544,41.3564],[69.5399,41.3433],[69.5459,41.3356],[69.5501,41.3336],[69.5725,41.3312]],[[69.5725,41.3312],[69.5731,41.331]],[[69.5731,41.331],[69.5837,41.3282],[69.5931,41.323]],[[69.5931,41.323],[69.5936,41.3228]],[[63.063,40.7204],[63.1975,40.6702]],[[63.0621,40.7207],[63.063,40.7204]],[[61.2779,41.2877],[61.2938,41.2908],[61.2995,41.2942]],[[61.3009,41.2959],[61.2995,41.2942]],[[61.3009,41.2959],[61.3167,41.3147]],[[72.3399,40.7548],[72.3188,40.7378]],[[72.3174,40.7367],[72.3171,40.7365]],[[72.2489,40.6858],[72.2444,40.6824]],[[69.3124,41.3191],[69.3123,41.3189]],[[71.5966,40.9861],[71.6017,40.9893]],[[71.6017,40.9893],[71.602,40.9895]],[[69.5936,41.3228],[69.609,41.3136]],[[69.609,41.3136],[69.6096,41.3131]],[[72.3548,40.8123],[72.3541,40.8101]],[[72.3541,40.8101],[72.3538,40.8093]],[[72.3538,40.8093],[72.3533,40.8058],[72.3558,40.8026]],[[72.3558,40.8026],[72.3628,40.8013]],[[72.3628,40.8013],[72.3669,40.8017]],[[72.3669,40.8017],[72.3678,40.8019]],[[72.3678,40.8019],[72.3755,40.802]],[[72.3755,40.802],[72.3796,40.8001]],[[72.3796,40.8001],[72.3814,40.7948]],[[72.3814,40.7948],[72.3801,40.7927]],[[72.3434,40.7581],[72.3399,40.7548]],[[72.344,40.7586],[72.3434,40.7581]],[[72.3171,40.7365],[72.3154,40.7353]],[[72.3188,40.7378],[72.3174,40.7367]],[[69.1791,41.4411],[69.1795,41.4409]],[[61.3183,41.3157],[61.3177,41.3153]],[[61.193,41.2644],[61.1946,41.2632]],[[61.195,41.263],[61.1807,41.2708]],[[69.2264,41.2585],[69.2166,41.2539]],[[67.5916,40.0337],[67.5761,40.03]],[[67.5766,40.0301],[67.5912,40.0335]],[[67.2735,39.7654],[67.293,39.7718]],[[66.0649,39.9126],[65.9455,39.9125],[65.9184,39.918]],[[60.635,41.5362],[60.6388,41.5359]],[[61.3396,41.3283],[61.3727,41.3477]],[[64.5588,39.7304],[64.5457,39.7199]],[[64.5592,39.7307],[64.5596,39.731]],[[64.547,39.7209],[64.5592,39.7307]],[[65.7369,38.9305],[65.7377,38.93]],[[67.5921,37.835],[67.5956,37.839]],[[67.5912,37.834],[67.5921,37.835]],[[64.5457,39.7199],[64.5382,39.714]],[[64.4791,39.7067],[64.4803,39.7067]],[[64.4834,39.7069],[64.4796,39.7068]]]}},{"type":"Feature","properties":{"u":"m","e":0},"geometry":{"type":"MultiLineString","coordinates":[[[65.6366,38.4526],[65.6402,38.4591]],[[65.085,39.3323],[65.0675,39.3506]],[[64.6411,39.5701],[64.6407,39.5708]],[[64.6407,39.5708],[64.5983,39.6515]],[[66.8702,37.4185],[66.88,37.4187]],[[67.4264,37.2324],[67.4289,37.2255]],[[65.2499,40.1141],[65.279,40.0932],[65.2922,40.091]],[[65.1237,40.2131],[65.0943,40.2354],[65.0488,40.2741]],[[57.4867,43.9738],[57.4407,44.0068]],[[58.0707,43.366],[57.9606,43.5222]],[[58.8213,43.0523],[58.8192,43.0534]],[[72.7164,40.716],[72.7103,40.7209],[72.7025,40.7215]],[[72.9714,40.7954],[72.9711,40.7941]],[[72.0842,41.1211],[72.0804,41.1246]],[[72.9711,40.7941],[72.9699,40.7891]],[[67.7934,37.2068],[67.7863,37.2182],[67.73,37.2512],[67.7184,37.2538]],[[71.9235,40.3223],[71.9232,40.3223]],[[71.9232,40.3223],[71.9175,40.323],[71.9042,40.3304],[71.8693,40.3551],[71.8472,40.3672]],[[59.6503,42.4437],[59.6509,42.4442]],[[67.89,40.1165],[67.8792,40.1001],[67.8748,40.0967]],[[67.9215,40.1818],[67.909,40.146],[67.8969,40.127]],[[67.9921,40.385],[67.992,40.3847]],[[68.0486,40.5379],[68.0443,40.5332],[68.0376,40.5146]],[[68.0375,40.5144],[67.9921,40.385]],[[68.1877,40.663],[68.1326,40.6128]],[[68.1001,40.5838],[68.0486,40.5379]],[[67.9614,40.2971],[67.9614,40.2968]],[[67.961,40.2958],[67.9392,40.2329]],[[65.7563,38.7291],[65.7918,38.7888]],[[65.5783,39.0639],[65.4957,39.088]],[[65.4289,39.1134],[65.4032,39.1255]],[[65.4031,39.1256],[65.2448,39.201]],[[65.001,39.394],[64.9259,39.437]],[[65.6973,38.626],[65.6998,38.6335],[65.7198,38.6674]],[[65.6313,38.4375],[65.6366,38.4526]],[[65.6125,38.3577],[65.6261,38.3736],[65.6307,38.384],[65.6316,38.4083],[65.6286,38.4272],[65.6313,38.4375]],[[67.4082,37.2536],[67.4129,37.2521],[67.4173,37.2375],[67.425,37.2345]],[[56.0007,44.88],[55.7428,45.0303]],[[56.0211,44.8681],[56.0007,44.88]],[[56.033,44.8611],[56.0211,44.8681]],[[56.0334,44.8609],[56.033,44.8611]],[[56.0458,44.8536],[56.0334,44.8609]],[[56.0459,44.8535],[56.0458,44.8536]],[[56.3946,44.6479],[56.3852,44.6535]],[[56.3961,44.647],[56.3946,44.6479]],[[56.4113,44.6381],[56.3961,44.647]],[[56.4897,44.5915],[56.4113,44.6381]],[[56.4901,44.5913],[56.4897,44.5915]],[[56.5082,44.5805],[56.4901,44.5913]],[[56.5084,44.5803],[56.5082,44.5805]],[[56.7967,44.4079],[56.5867,44.5337]],[[56.5867,44.5337],[56.5084,44.5803]],[[56.3852,44.6535],[56.1914,44.768]],[[56.1914,44.768],[56.0459,44.8535]],[[57.4407,44.0068],[57.3406,44.0781],[57.2651,44.1243]],[[57.0321,44.266],[56.7967,44.4079]],[[57.2651,44.1243],[57.0321,44.266]],[[57.4897,43.9716],[57.4867,43.9738]],[[57.653,43.8519],[57.6378,43.8654],[57.4897,43.9716]],[[57.8101,43.6964],[57.7324,43.7634],[57.7153,43.7749],[57.7075,43.7933],[57.6848,43.8233],[57.653,43.8519]],[[57.9606,43.5222],[57.8851,43.6288],[57.8636,43.65],[57.8101,43.6964]],[[58.0819,43.3501],[58.0707,43.366]],[[58.1196,43.2915],[58.0819,43.3501]],[[58.1197,43.2913],[58.1196,43.2915]],[[58.1278,43.2783],[58.1197,43.2913]],[[58.1278,43.2781],[58.1278,43.2783]],[[58.2068,43.1502],[58.1278,43.2781]],[[58.348,43.1097],[58.3268,43.0943],[58.3087,43.0901],[58.2713,43.0939],[58.2544,43.0911],[58.239,43.0965]],[[58.5036,43.1553],[58.4732,43.1608],[58.461,43.1595],[58.4149,43.1385]],[[58.6247,43.1194],[58.6107,43.1249],[58.5036,43.1553]],[[58.6386,43.1137],[58.6247,43.1194]],[[58.6399,43.1131],[58.6386,43.1137]],[[58.6623,43.104],[58.6399,43.1131]],[[58.6625,43.1039],[58.6623,43.104]],[[58.6788,43.0972],[58.6625,43.1039]],[[58.679,43.0972],[58.6788,43.0972]],[[58.7278,43.0774],[58.6942,43.0909]],[[58.7281,43.0773],[58.7278,43.0774]],[[58.766,43.0754],[58.7659,43.0755]],[[58.7659,43.0755],[58.7523,43.078],[58.7281,43.0773]],[[58.7862,43.0671],[58.7738,43.0723]],[[58.7864,43.0671],[58.7862,43.0671]],[[58.819,43.0535],[58.8015,43.0608]],[[58.8192,43.0534],[58.819,43.0535]],[[58.6941,43.091],[58.679,43.0972]],[[58.6942,43.0909],[58.6941,43.091]],[[58.8687,43.0173],[58.859,43.0303],[58.8443,43.039]],[[58.872,43.0127],[58.8687,43.0173]],[[58.9925,42.839],[58.9897,42.843]],[[58.9926,42.8389],[58.9925,42.839]],[[58.9897,42.843],[58.9813,42.855]],[[58.9547,42.8944],[58.9397,42.9192]],[[58.9397,42.9192],[58.9325,42.9291]],[[58.9702,42.8708],[58.9666,42.8759]],[[58.896,42.9796],[58.872,43.0127]],[[58.8962,42.9793],[58.896,42.9796]],[[58.9048,42.9675],[58.8962,42.9793]],[[58.9205,42.9458],[58.9048,42.9675]],[[58.9323,42.9293],[58.9205,42.9458]],[[58.9325,42.9291],[58.9323,42.9293]],[[58.9656,42.8774],[58.9547,42.8944]],[[58.9665,42.8761],[58.9656,42.8773]],[[58.9811,42.8553],[58.9702,42.8708]],[[58.9813,42.855],[58.9811,42.8553]],[[58.998,42.8311],[58.9926,42.8389]],[[67.7184,37.2538],[67.6505,37.2657],[67.5918,37.2535],[67.5866,37.2535],[67.5488,37.2678],[67.5343,37.2782],[67.5008,37.2977],[67.4971,37.2984],[67.4824,37.2939],[67.4384,37.2613],[67.4312,37.2585]],[[67.4309,37.2584],[67.4079,37.2536]],[[67.4312,37.2585],[67.4309,37.2584]],[[67.7579,37.9822],[67.7892,38.0168]],[[67.7996,38.0365],[67.8057,38.042]],[[67.895,38.1736],[67.9058,38.1927],[67.9098,38.2045]],[[67.9557,38.3345],[67.9629,38.3415],[67.9801,38.3522]],[[68.0049,38.3658],[68.0141,38.3695],[68.0512,38.3968]],[[68.0512,38.3968],[68.0628,38.4054],[68.0669,38.4105]],[[67.2118,37.3188],[67.2198,37.3134],[67.2502,37.2735]],[[67.1049,37.3798],[67.1379,37.3609]],[[66.9937,37.4159],[67.011,37.4149]],[[66.87,37.4185],[66.8702,37.4185]],[[66.8679,37.4183],[66.87,37.4185]],[[66.7307,37.4016],[66.7704,37.4065]],[[59.1815,42.6236],[59.1008,42.6953]],[[59.2622,42.5519],[59.2328,42.5781]],[[59.1999,42.6072],[59.1815,42.6236]],[[59.2231,42.5866],[59.1999,42.6072]],[[59.2235,42.5863],[59.2231,42.5866]],[[59.2324,42.5784],[59.2235,42.5863]],[[59.2328,42.5781],[59.2324,42.5784]],[[59.2702,42.5448],[59.2622,42.5519]],[[59.2703,42.5447],[59.2702,42.5448]],[[59.3028,42.5157],[59.2815,42.5347]],[[59.3131,42.5065],[59.3028,42.5157]],[[59.3209,42.4995],[59.3131,42.5065]],[[59.3275,42.4936],[59.3209,42.4995]],[[59.3277,42.4934],[59.3275,42.4936]],[[59.3463,42.4768],[59.3277,42.4934]],[[59.3465,42.4766],[59.3463,42.4768]],[[59.4452,42.3968],[59.4367,42.4047]],[[60.2813,41.7043],[60.3861,41.6497],[60.3913,41.6446]],[[59.6124,42.4039],[59.6154,42.4061]],[[67.2009,37.3251],[67.2118,37.3188]],[[67.1963,37.3277],[67.2009,37.3251]],[[67.1381,37.3608],[67.1963,37.3277]],[[67.1379,37.3609],[67.1381,37.3608]],[[67.011,37.4149],[67.0415,37.4125]],[[66.9213,37.4197],[66.9937,37.4159]],[[60.4697,41.6002],[60.5824,41.541],[60.5889,41.5392],[60.6212,41.5371]],[[61.2275,41.2455],[61.2365,41.2409]],[[61.2971,41.218],[61.3344,41.2089],[61.356,41.1985],[61.3772,41.1982]],[[61.3772,41.1982],[61.3774,41.1982]],[[61.3776,41.1982],[61.3969,41.1975]],[[65.6971,38.9674],[65.6688,39.0008]],[[65.7524,38.7225],[65.7563,38.7291]],[[65.7519,38.7218],[65.7524,38.7225]],[[65.7413,38.7039],[65.7519,38.7218]],[[65.7412,38.7037],[65.7413,38.7039]],[[65.7239,38.6744],[65.7412,38.7037]],[[65.6872,38.589],[65.6973,38.626]],[[65.6871,38.5886],[65.6872,38.589]],[[65.6646,38.5053],[65.6648,38.5059]],[[65.6453,38.4683],[65.6473,38.4718]],[[65.5629,38.2881],[65.5632,38.2888]],[[65.5632,38.2888],[65.5679,38.3005]],[[65.5679,38.3005],[65.5787,38.3268]],[[65.5787,38.3268],[65.5833,38.3322],[65.5982,38.3415],[65.6125,38.3577]],[[65.6586,38.4918],[65.6646,38.5053]],[[65.6648,38.5059],[65.6696,38.524]],[[64.5928,39.6748],[64.5878,39.6962],[64.5802,39.7192]],[[64.5929,39.6745],[64.5928,39.6748]],[[64.5942,39.6689],[64.5929,39.6745]],[[64.5947,39.6663],[64.5942,39.6689]],[[64.5983,39.6515],[64.5947,39.6663]],[[64.6453,39.5622],[64.6411,39.5701]],[[64.6477,39.5577],[64.6453,39.5622]],[[64.6507,39.552],[64.6477,39.5577]],[[64.6539,39.5461],[64.6507,39.552]],[[64.714,39.5109],[64.6616,39.538],[64.6539,39.5461]],[[64.7916,39.5023],[64.7359,39.502],[64.7274,39.5041],[64.714,39.5109]],[[64.8157,39.4991],[64.8155,39.4992]],[[64.8155,39.4992],[64.8058,39.5021],[64.7916,39.5023]],[[64.8619,39.4734],[64.8157,39.4991]],[[64.862,39.4733],[64.8619,39.4734]],[[64.9259,39.437],[64.862,39.4733]],[[65.1381,39.2642],[65.11,39.2817],[65.1002,39.2941]],[[65.2241,39.2117],[65.1572,39.2524]],[[65.4032,39.1255],[65.4031,39.1256]],[[65.4739,39.0945],[65.4606,39.0986],[65.4289,39.1134]],[[65.6688,39.0008],[65.6548,39.0169],[65.631,39.0355],[65.5931,39.0589],[65.5783,39.0639]],[[70.501,40.395],[70.5199,40.4004]],[[70.5229,40.4013],[70.529,40.403]],[[70.529,40.403],[70.5487,40.4088]],[[70.5487,40.4088],[70.5516,40.4096]],[[70.5517,40.4096],[70.5612,40.4126],[70.5727,40.4188]],[[70.6148,40.4337],[70.634,40.4434]],[[70.634,40.4434],[70.6385,40.4457]],[[70.6393,40.4461],[70.6393,40.4462]],[[70.6393,40.4462],[70.6525,40.4516]],[[70.6561,40.4527],[70.6805,40.46]],[[70.6805,40.46],[70.6807,40.4601]],[[70.6807,40.4601],[70.6974,40.4652]],[[70.6974,40.4652],[70.6976,40.4652]],[[70.6976,40.4652],[70.7045,40.4673]],[[70.7045,40.4673],[70.7047,40.4674]],[[70.7047,40.4674],[70.7258,40.4738]],[[70.7258,40.4738],[70.7688,40.4872]],[[70.7688,40.4872],[70.8096,40.4999]],[[70.8333,40.5074],[70.858,40.5152]],[[70.858,40.5152],[70.8581,40.5152]],[[70.8639,40.5169],[70.8793,40.52]],[[70.8793,40.52],[70.8798,40.5201]],[[70.8798,40.5201],[70.9095,40.5247]],[[65.6696,38.524],[65.6871,38.5886]],[[63.7646,39.3593],[63.7968,39.4122]],[[63.6917,39.2738],[63.7046,39.2876],[63.7324,39.3108]],[[63.7459,39.3273],[63.7646,39.3593]],[[63.7968,39.4122],[63.808,39.4299]],[[63.808,39.4299],[63.8081,39.4301]],[[63.8081,39.4301],[63.8183,39.4476]],[[63.8467,39.4964],[63.8523,39.5056]],[[63.8523,39.5056],[63.8578,39.5109]],[[63.8644,39.5164],[63.8794,39.5288]],[[63.8794,39.5288],[63.8872,39.5353]],[[63.8872,39.5353],[63.8891,39.5369]],[[63.8891,39.5369],[63.8911,39.5385]],[[63.8911,39.5385],[63.9028,39.5483]],[[63.9028,39.5483],[63.9133,39.557]],[[63.9133,39.557],[63.9199,39.5617],[63.9361,39.568]],[[63.9361,39.568],[63.9504,39.575],[63.9721,39.5936]],[[63.9793,39.5994],[63.9976,39.6136]],[[63.9721,39.5936],[63.9784,39.5987]],[[63.9784,39.5987],[63.9793,39.5994]],[[63.9976,39.6136],[64.0117,39.624],[64.0408,39.6376],[64.0713,39.6467]],[[64.0713,39.6467],[64.0819,39.6498]],[[64.1073,39.6572],[64.1076,39.6573]],[[64.1076,39.6573],[64.1705,39.6756]],[[64.1705,39.6756],[64.1893,39.681]],[[64.1893,39.681],[64.1998,39.6841]],[[64.1998,39.6841],[64.2015,39.6846]],[[64.2015,39.6846],[64.2802,39.7074]],[[64.2802,39.7074],[64.3172,39.7179],[64.3538,39.7205]],[[64.4095,39.7216],[64.3918,39.7248],[64.3701,39.7218]],[[64.4357,39.7131],[64.4095,39.7216]],[[65.1275,40.2103],[65.1237,40.2131]],[[65.0351,40.2857],[65.0139,40.3036]],[[65.0352,40.2856],[65.0351,40.2857]],[[65.0139,40.3036],[65.0042,40.3118]],[[65.0042,40.3118],[64.9717,40.3394]],[[71.8071,40.438],[71.8043,40.4227],[71.7953,40.408],[71.7948,40.4009],[71.7959,40.3984]],[[71.8081,40.3881],[71.7959,40.3984]],[[71.8472,40.3672],[71.8469,40.3673]],[[71.8469,40.3673],[71.8142,40.3829],[71.8081,40.3881]],[[71.9714,40.3027],[71.9676,40.3063],[71.9477,40.3168],[71.9385,40.3161],[71.932,40.3186]],[[71.9821,40.2939],[71.9788,40.2953],[71.9714,40.3027]],[[71.9837,40.2936],[71.9824,40.2939]],[[64.3938,40.9893],[64.3929,40.9854],[64.3898,40.9818]],[[64.3699,40.96],[64.3746,40.9676]],[[64.3701,40.9222],[64.3658,40.9335],[64.3639,40.9455],[64.3699,40.96]],[[64.3747,40.9134],[64.3701,40.9222]],[[64.9243,40.3794],[64.7161,40.5552],[64.6839,40.5945],[64.6707,40.6226],[64.6403,40.6585],[64.6227,40.6696],[64.6139,40.6709],[64.609,40.6732],[64.5512,40.7397],[64.4627,40.8271],[64.4471,40.8338],[64.4203,40.8564],[64.4121,40.8601],[64.3964,40.8832],[64.3896,40.8904],[64.3801,40.9074],[64.3747,40.9134]],[[64.9717,40.3394],[64.9716,40.3395]],[[65.1906,40.1605],[65.1907,40.162]],[[65.1907,40.162],[65.1911,40.1687],[65.1892,40.1716],[65.1648,40.1822],[65.1454,40.1967]],[[62.4831,41.7551],[62.6125,41.774],[62.6492,41.7754],[62.6749,41.7806],[62.7324,41.7886],[62.7804,41.7926],[62.9093,41.8189],[63.1322,41.844],[63.1782,41.8438],[63.1941,41.8477],[63.2134,41.858],[63.2812,41.8718],[63.3393,41.9108],[63.4471,41.9753],[63.4735,41.9942],[63.5672,42.0236],[63.6536,42.0318],[63.7236,42.0314],[63.7289,42.0275],[63.7666,41.9513],[63.8047,41.8868],[63.8597,41.7842],[63.8748,41.7619],[63.8756,41.7534],[63.892,41.7273],[63.9003,41.7104],[63.902,41.7011],[63.9069,41.6956],[63.9262,41.6612],[63.9372,41.6275],[63.9337,41.553],[63.9234,41.4521],[63.9286,41.434],[63.9542,41.4172],[64.0109,41.3516]],[[68.5626,40.8358],[68.5623,40.8358]],[[68.5868,40.8322],[68.5626,40.8358]],[[72.925,40.7283],[72.9251,40.7278]],[[72.9494,40.7485],[72.9266,40.7338],[72.9249,40.7285]],[[72.969,40.7857],[72.9682,40.7826]],[[72.9699,40.7891],[72.9697,40.7885]],[[72.9681,40.7823],[72.9643,40.765],[72.9494,40.7485]],[[72.9682,40.7826],[72.9681,40.7823]],[[72.4765,40.7495],[72.4264,40.7609],[72.4168,40.7669]],[[72.5097,40.7337],[72.5093,40.7339]],[[72.5132,40.7319],[72.5097,40.7337]],[[72.5133,40.7319],[72.5132,40.7319]],[[72.5451,40.7297],[72.5391,40.7295]],[[72.5391,40.7295],[72.5387,40.7295]],[[72.5387,40.7295],[72.5291,40.7287],[72.5133,40.7319]],[[72.7025,40.7215],[72.651,40.7222],[72.6225,40.7203]],[[67.8748,40.0967],[67.8739,40.0963]],[[67.8739,40.0963],[67.8604,40.0941]],[[67.992,40.3847],[67.9696,40.3204]],[[67.9696,40.3204],[67.9654,40.3085]],[[67.9654,40.3085],[67.9614,40.2971]],[[67.9614,40.2968],[67.961,40.2958]],[[61.2154,41.2548],[61.195,41.263]],[[61.2461,41.3934],[61.2446,41.3934]],[[61.2539,41.3911],[61.2533,41.3915]],[[61.2383,41.3943],[61.2217,41.4031]],[[61.2533,41.3915],[61.2461,41.3934]],[[61.0375,41.5555],[61.0344,41.5599],[61.0318,41.5772]],[[61.1703,41.4263],[61.1695,41.4269]],[[65.2499,40.1141],[65.2494,40.1144]],[[65.2494,40.1144],[65.1928,40.1556],[65.1906,40.1605]],[[72.7168,40.7157],[72.7164,40.716]],[[60.4027,41.6354],[60.4029,41.6353]],[[68.6223,40.8254],[68.6067,40.8257]],[[68.6713,40.8189],[68.665,40.8177],[68.6436,40.8199],[68.6225,40.8254]],[[68.6225,40.8254],[68.6223,40.8254]],[[68.6067,40.8257],[68.6066,40.8258]],[[68.6714,40.8189],[68.6713,40.8189]],[[68.6738,40.8226],[68.6736,40.8204],[68.6714,40.8189]],[[61.3092,41.3674],[61.3037,41.3663],[61.2819,41.3688]],[[61.3099,41.3677],[61.3092,41.3674]],[[68.0045,38.3657],[68.0049,38.3658]],[[61.2819,41.3688],[61.2741,41.3707],[61.2688,41.3749]],[[61.2819,41.3688],[61.2762,41.3664],[61.2772,41.3622]],[[61.2685,41.3752],[61.2772,41.3622]],[[60.8548,41.7622],[60.8638,41.7522]],[[60.9641,41.6613],[60.9647,41.6613]],[[68.0376,40.5146],[68.0375,40.5144]],[[65.7227,38.94],[65.7297,38.9387],[65.7362,38.9426]],[[67.5961,37.8395],[67.5983,37.8426],[67.5997,37.8497],[67.6074,37.8579],[67.6126,37.8694],[67.6255,37.8731],[67.6318,37.8795]],[[61.1946,41.2632],[61.2275,41.2455]],[[69.2658,40.1997],[69.2638,40.2011]],[[68.8435,40.21],[68.8427,40.21]],[[58.8443,43.039],[58.8317,43.0463]],[[60.2813,41.7043],[60.2688,41.7108]],[[72.4166,40.7671],[72.3949,40.7921],[72.3872,40.7952],[72.3801,40.7927]],[[72.6224,40.7203],[72.5754,40.7199],[72.5664,40.7221]],[[72.8437,40.7116],[72.8358,40.7138],[72.7579,40.7185],[72.7278,40.7125],[72.7168,40.7157]],[[71.7884,40.4565],[71.8034,40.4546],[71.8084,40.452],[71.8112,40.4452],[71.8071,40.438]],[[72.1204,40.258],[72.1048,40.2652],[72.0835,40.2669],[72.0401,40.2766]],[[65.7388,38.9291],[65.7495,38.922]],[[61.2673,41.3767],[61.2588,41.3858]],[[61.2676,41.3762],[61.2591,41.3854]],[[61.2585,41.3861],[61.2539,41.3911]],[[64.0109,41.3516],[64.011,41.3513]],[[65.0354,40.2854],[65.0352,40.2856]],[[65.0354,40.2854],[65.0441,40.2781]],[[64.3898,40.9818],[64.3815,40.9741]],[[64.3815,40.9741],[64.3746,40.9676]],[[64.011,41.3513],[64.0136,41.3385],[64.034,41.3133],[64.0434,41.2922],[64.0928,41.2675],[64.1667,41.248],[64.1785,41.2407],[64.1788,41.2384],[64.1761,41.2333],[64.1766,41.2299],[64.1858,41.222],[64.1889,41.2167],[64.2074,41.2115],[64.2148,41.2071],[64.2311,41.186],[64.2476,41.168],[64.2708,41.1495],[64.283,41.1337],[64.3075,41.1157],[64.3485,41.0519],[64.353,41.05],[64.3637,41.0509],[64.3713,41.0442],[64.3775,41.0316],[64.377,41.0241],[64.3825,41.0083],[64.3925,40.9979],[64.3938,40.9893]],[[64.5802,39.7192],[64.5729,39.733],[64.5775,39.739],[64.5779,39.7477],[64.5928,39.7603]],[[65.1478,39.2582],[65.1572,39.2524]],[[64.5802,39.7192],[64.5715,39.7324],[64.5666,39.7339],[64.5617,39.7325]],[[67.9801,38.3522],[67.981,38.3527]],[[67.981,38.3527],[67.986,38.3558]],[[67.881,38.1405],[67.8885,38.1537],[67.8911,38.1663],[67.895,38.1736]],[[67.8672,38.1257],[67.8676,38.126]],[[59.0743,42.7217],[59.0741,42.7221]],[[59.0741,42.7221],[59.0082,42.8166]],[[63.7324,39.3108],[63.733,39.3114]],[[63.733,39.3114],[63.7402,39.3177],[63.7459,39.3273]],[[64.3538,39.7205],[64.3543,39.7205]],[[64.3567,39.7207],[64.3701,39.7218]],[[67.6704,37.9174],[67.6706,37.9176]],[[67.6897,37.9326],[67.6948,37.9361],[67.7077,37.9407]],[[60.0823,41.7991],[60.1021,41.7896],[60.1713,41.7616],[60.2667,41.7119]],[[65.7196,38.9421],[65.72,38.9418]],[[65.72,38.9418],[65.7227,38.94]],[[70.4564,40.3746],[70.4633,40.3802],[70.501,40.395]],[[67.9098,38.2045],[67.9099,38.2049]],[[67.9099,38.2049],[67.913,38.2144],[67.9125,38.2227],[67.9159,38.2358],[67.9058,38.259],[67.9064,38.2722]],[[64.0819,39.6498],[64.0822,39.6499]],[[64.0822,39.6499],[64.1073,39.6572]],[[69.2497,40.2111],[69.26,40.2038]],[[69.266,40.1998],[69.264,40.2012]],[[70.9128,40.5249],[70.9154,40.5257],[70.9155,40.5276]],[[70.9107,40.5247],[70.9128,40.5249]],[[67.824,38.053],[67.847,38.0779],[67.8536,38.0921],[67.8545,38.101],[67.86,38.1194],[67.8672,38.1257]],[[67.8126,38.0462],[67.813,38.0463]],[[59.4704,42.3731],[59.4462,42.3958]],[[59.5358,42.3116],[59.5217,42.3249]],[[59.5215,42.3251],[59.4711,42.3724]],[[59.5911,42.3769],[59.5963,42.3813],[59.6061,42.3995]],[[59.5721,42.3569],[59.5546,42.3373],[59.5493,42.3141]],[[59.5724,42.3579],[59.5762,42.3675]],[[59.6503,42.4437],[59.6509,42.4442]],[[59.5524,42.2961],[59.5358,42.3116]],[[59.6495,42.4431],[59.6399,42.4352]],[[59.5722,42.3573],[59.5724,42.3579]],[[59.5217,42.3249],[59.5215,42.3251]],[[59.3918,42.4361],[59.3851,42.4421]],[[59.471,42.3725],[59.4706,42.3729]],[[59.3778,42.4486],[59.3777,42.4487]],[[59.4462,42.3958],[59.4452,42.3968]],[[59.5721,42.3569],[59.5722,42.3571]],[[59.5824,42.3718],[59.5844,42.3729]],[[59.6061,42.3995],[59.6073,42.4008]],[[59.4138,42.4212],[59.4137,42.4213]],[[59.5809,42.3711],[59.5824,42.3718]],[[59.586,42.3737],[59.5911,42.3769]],[[59.5762,42.3675],[59.5768,42.3682]],[[59.5844,42.3729],[59.5852,42.3733]],[[59.3777,42.4487],[59.3465,42.4766]],[[59.5722,42.3571],[59.5722,42.3573]],[[59.5852,42.3733],[59.586,42.3737]],[[59.5768,42.3682],[59.5809,42.3711]],[[59.3851,42.4421],[59.3778,42.4486]],[[59.4137,42.4213],[59.4018,42.4273],[59.3918,42.4361]],[[65.7361,38.9309],[65.7227,38.94]],[[65.7918,38.7888],[65.7933,38.7973]],[[59.6344,42.4308],[59.6367,42.4327]],[[59.6154,42.4061],[59.6344,42.4308]],[[59.666,42.4514],[59.6739,42.4503],[59.6794,42.4474],[59.7019,42.4235],[59.7155,42.4244],[59.7968,42.4139],[59.8025,42.4113],[59.8227,42.3953],[59.8283,42.3931],[59.8348,42.3929],[59.8496,42.3958],[59.8619,42.4004],[59.8688,42.4014],[59.9046,42.3943],[59.9167,42.3934],[59.9523,42.3651],[59.9871,42.3608],[59.9955,42.3502],[60.0432,42.3121],[60.0798,42.2973],[60.1074,42.291],[60.1174,42.2815]],[[59.4215,42.4175],[59.4138,42.4212]],[[59.4367,42.4047],[59.4215,42.4175]],[[59.6399,42.4352],[59.6391,42.4346]],[[59.6367,42.4327],[59.6391,42.4346]],[[65.2246,39.2114],[65.2241,39.2117]],[[65.2448,39.201],[65.2246,39.2114]],[[60.4217,41.6255],[60.422,41.6253]],[[60.4029,41.6353],[60.4217,41.6255]],[[59.0082,42.8166],[59.008,42.8169]],[[59.008,42.8169],[58.998,42.8311]],[[67.7082,37.9408],[67.7175,37.9433]],[[67.7077,37.9407],[67.7082,37.9408]],[[67.7972,37.196],[67.7934,37.2068]],[[63.6916,39.2737],[63.6917,39.2738]],[[63.677,39.2579],[63.6916,39.2737]],[[67.0427,37.4122],[67.0548,37.4085],[67.0767,37.396]],[[67.0415,37.4125],[67.0427,37.4122]],[[61.3396,41.3283],[61.3322,41.3256],[61.3228,41.325],[61.3137,41.3272],[61.3072,41.3312]],[[60.9406,41.6629],[60.9641,41.6613]],[[60.8927,41.7141],[60.8929,41.7137]],[[72.6225,40.7203],[72.6224,40.7203]],[[71.7882,40.4566],[71.7884,40.4565]],[[71.762,40.4593],[71.7882,40.4566]],[[64.4357,39.7131],[64.464,39.7067],[64.4791,39.7067]],[[72.0228,40.2825],[72.0226,40.2825]],[[72.0226,40.2825],[71.9837,40.2936]],[[65.1451,40.197],[65.1275,40.2103]],[[65.1454,40.1967],[65.1451,40.197]],[[66.7252,37.4008],[66.7307,37.4016]],[[68.1917,40.6669],[68.1895,40.6648]],[[68.1895,40.6648],[68.1877,40.663]],[[66.5215,37.3754],[66.5217,37.3755]],[[61.0379,41.5552],[61.0375,41.5555]],[[61.1265,41.4573],[61.1047,41.4834],[61.0806,41.5192],[61.0599,41.5359]],[[72.8362,40.715],[72.8494,40.7322],[72.8602,40.7351],[72.8664,40.7409],[72.8738,40.7432],[72.8813,40.7482],[72.8963,40.7476],[72.9085,40.7442],[72.9212,40.7349],[72.9262,40.7347],[72.9305,40.7364]],[[67.4079,37.2536],[67.4011,37.2526]],[[63.1975,40.6702],[63.1981,40.67]],[[61.203,41.4091],[61.1703,41.4263]],[[61.2033,41.4089],[61.203,41.4091]],[[70.4561,40.3743],[70.4476,40.3663]],[[60.3943,41.6403],[60.4027,41.6354]],[[60.3913,41.6446],[60.3916,41.6441]],[[60.94,41.6631],[60.9406,41.6629]],[[60.8929,41.7137],[60.9098,41.6829]],[[59.611,42.4033],[59.6073,42.4008]],[[59.6124,42.4039],[59.611,42.4033]],[[61.005,41.6131],[61.0016,41.6171],[60.9787,41.6586],[60.9735,41.6615],[60.9647,41.6613]],[[61.0053,41.6128],[61.005,41.6131]],[[61.0299,41.5862],[61.0053,41.6128]],[[61.0318,41.5772],[61.0318,41.5775]],[[59.6571,42.4493],[59.6612,42.4514],[59.666,42.4514]],[[59.6509,42.4442],[59.6571,42.4493]],[[63.8582,39.5112],[63.8644,39.5164]],[[63.8578,39.5109],[63.8582,39.5112]],[[66.7704,37.4065],[66.7708,37.4065]],[[66.7708,37.4065],[66.8452,37.4156]],[[67.9863,38.356],[68.0045,38.3657]],[[67.986,38.3558],[67.9863,38.356]],[[65.4957,39.088],[65.4741,39.0945]],[[65.4741,39.0945],[65.4739,39.0945]],[[67.9391,40.2327],[67.9215,40.1818]],[[67.9392,40.2329],[67.9391,40.2327]],[[67.8968,40.1268],[67.89,40.1165]],[[67.8969,40.127],[67.8968,40.1268]],[[72.9714,40.7954],[72.9735,40.8037]],[[67.4082,37.2536],[67.3963,37.2526]],[[61.3969,41.1975],[61.3981,41.1975]],[[60.1431,42.2597],[60.1463,42.257],[60.1464,42.2522],[60.1378,42.242]],[[60.1308,42.2683],[60.1275,42.2721],[60.1278,42.2745],[60.1307,42.2757],[60.1352,42.2746]],[[60.1092,42.2258],[60.0984,42.2237]],[[60.1143,42.2261],[60.1092,42.2258]],[[60.1174,42.2815],[60.1318,42.2673],[60.1444,42.2584],[60.1457,42.2543],[60.144,42.2505]],[[60.2594,41.9659],[60.2581,41.9606],[60.2616,41.9473],[60.2583,41.9337],[60.2599,41.9282],[60.2782,41.9122],[60.2974,41.9082],[60.3186,41.8868],[60.3317,41.8231],[60.3394,41.8044],[60.3354,41.7924],[60.3367,41.7708],[60.3255,41.7491],[60.3212,41.746],[60.3112,41.7448],[60.3061,41.7418],[60.3043,41.7385],[60.3042,41.7278],[60.2997,41.7224],[60.2926,41.7199],[60.268,41.7187],[60.2644,41.7155],[60.2667,41.7119]],[[60.1434,42.2498],[60.1288,42.2301],[60.123,42.2271],[60.1143,42.2261]],[[60.144,42.2505],[60.1434,42.2498]],[[72.8309,40.7141],[72.8357,40.7147]],[[72.8357,40.7147],[72.8362,40.715]],[[71.7595,40.4588],[71.762,40.4593]],[[65.708,38.9547],[65.7196,38.9421]],[[59.5493,42.3141],[59.5479,42.3114],[59.5448,42.3102],[59.5393,42.3097],[59.5358,42.3116]],[[67.2561,37.2658],[67.2563,37.2656]],[[67.0981,37.3837],[67.1046,37.38]],[[67.1046,37.38],[67.1049,37.3798]],[[60.8638,41.7522],[60.8772,41.7385],[60.8927,41.7141]],[[60.8227,41.7949],[60.823,41.7948]],[[60.823,41.7948],[60.8245,41.794]],[[60.8245,41.794],[60.8247,41.7939]],[[60.8247,41.7939],[60.8309,41.7904],[60.8484,41.7698]],[[60.8484,41.7698],[60.8486,41.7695]],[[60.755,41.8714],[60.7826,41.8365],[60.8227,41.7949]],[[60.6955,41.9478],[60.6958,41.9473]],[[60.082,41.7993],[60.0823,41.7991]],[[70.8638,40.5169],[70.8639,40.5169]],[[70.8581,40.5152],[70.8638,40.5169]],[[65.6585,38.4916],[65.6586,38.4918]],[[65.6473,38.4718],[65.6585,38.4916]],[[65.6402,38.4591],[65.6402,38.4593]],[[65.6402,38.4593],[65.6453,38.4683]],[[66.5845,37.3833],[66.5849,37.3834]],[[66.5531,37.3794],[66.5845,37.3833]],[[66.5529,37.3794],[66.5531,37.3794]],[[66.5229,37.3756],[66.5529,37.3794]],[[66.6383,37.39],[66.6385,37.3901]],[[66.5849,37.3834],[66.6383,37.39]],[[66.666,37.3935],[66.6665,37.3935]],[[66.6385,37.3901],[66.666,37.3935]],[[66.725,37.4008],[66.7252,37.4008]],[[66.7017,37.3979],[66.725,37.4008]],[[66.7014,37.3979],[66.7017,37.3979]],[[66.6777,37.3949],[66.7014,37.3979]],[[66.8997,37.4192],[66.8999,37.4192]],[[66.8801,37.4188],[66.8997,37.4192]],[[66.88,37.4187],[66.8801,37.4188]],[[66.8452,37.4156],[66.8454,37.4156]],[[66.8454,37.4156],[66.8679,37.4183]],[[66.9212,37.4197],[66.9213,37.4197]],[[66.8999,37.4192],[66.9212,37.4197]],[[60.422,41.6253],[60.4696,41.6003]],[[60.4696,41.6003],[60.4697,41.6002]],[[60.3916,41.6441],[60.3942,41.6404]],[[60.3942,41.6404],[60.3943,41.6403]],[[58.2389,43.0965],[58.2329,43.1006],[58.2253,43.1201],[58.2068,43.1502]],[[58.239,43.0965],[58.2389,43.0965]],[[58.4146,43.1384],[58.398,43.1309],[58.3618,43.121],[58.348,43.1097]],[[58.4149,43.1385],[58.4146,43.1384]],[[58.7736,43.0724],[58.766,43.0754]],[[58.7738,43.0723],[58.7736,43.0724]],[[58.7936,43.0641],[58.7864,43.0671]],[[58.7938,43.064],[58.7936,43.0641]],[[58.8013,43.0609],[58.7938,43.064]],[[58.8015,43.0608],[58.8013,43.0609]],[[58.8232,43.0512],[58.8215,43.0522]],[[58.8215,43.0522],[58.8213,43.0523]],[[58.8317,43.0463],[58.8232,43.0512]],[[58.9666,42.8759],[58.9665,42.8761]],[[58.9656,42.8773],[58.9656,42.8774]],[[59.1006,42.6954],[59.0809,42.7129],[59.0743,42.7217]],[[59.1008,42.6953],[59.1006,42.6954]],[[59.2815,42.5347],[59.2703,42.5447]],[[59.2815,42.5347],[59.2815,42.5347]],[[59.4711,42.3724],[59.471,42.3725]],[[59.4706,42.3729],[59.4704,42.3731]],[[59.6495,42.4431],[59.6503,42.4437]],[[60.4577,42.0198],[60.4656,42.0182],[60.4789,42.0112],[60.5074,42.002],[60.5482,41.9953],[60.5893,41.9946],[60.6394,41.9796],[60.6676,41.9635],[60.6849,41.959],[60.6955,41.9478]],[[60.3601,42.1326],[60.3604,42.1324]],[[60.3604,42.1324],[60.3637,42.1284],[60.3678,42.1146],[60.386,42.1018],[60.3871,42.0913],[60.3974,42.0744],[60.398,42.0485],[60.3992,42.0455],[60.4188,42.0364],[60.4296,42.034],[60.4475,42.0216],[60.4574,42.0198]],[[60.4574,42.0198],[60.4577,42.0198]],[[60.6958,41.9473],[60.7053,41.936],[60.7136,41.9171],[60.7487,41.8795]],[[60.7487,41.8795],[60.7488,41.8793]],[[60.7488,41.8793],[60.7548,41.8717]],[[60.7548,41.8717],[60.755,41.8714]],[[60.8486,41.7695],[60.8548,41.7622]],[[60.9099,41.6827],[60.9142,41.678],[60.94,41.6631]],[[60.9098,41.6829],[60.9099,41.6827]],[[61.0318,41.5775],[61.03,41.586]],[[61.03,41.586],[61.0299,41.5862]],[[61.0579,41.5382],[61.0379,41.5552]],[[61.0581,41.5379],[61.0579,41.5382]],[[61.0597,41.5361],[61.0581,41.5379]],[[61.0599,41.5359],[61.0597,41.5361]],[[61.1695,41.4269],[61.1268,41.4572]],[[61.1268,41.4572],[61.1265,41.4573]],[[61.2215,41.4033],[61.2153,41.4064],[61.2033,41.4089]],[[61.2217,41.4031],[61.2215,41.4033]],[[61.2446,41.3934],[61.2385,41.3941]],[[61.2385,41.3941],[61.2383,41.3943]],[[61.2588,41.3858],[61.2585,41.3861]],[[61.2673,41.3767],[61.2677,41.3762]],[[61.2685,41.3752],[61.2679,41.3759]],[[61.2591,41.3854],[61.2588,41.3858]],[[61.2365,41.2409],[61.2672,41.2252],[61.2968,41.2181]],[[61.2968,41.2181],[61.2971,41.218]],[[61.3774,41.1982],[61.3776,41.1982]],[[60.0805,41.8],[60.082,41.7993]],[[61.3099,41.3677],[61.5757,41.4674],[61.6299,41.4835],[61.6561,41.4874],[61.6648,41.4925],[61.7594,41.519],[61.8212,41.5408],[61.8652,41.5716],[61.8972,41.5831],[62.2336,41.6924],[62.3346,41.7235],[62.3488,41.7294],[62.3896,41.7351],[62.4831,41.7551]],[[64.9645,40.3455],[64.9244,40.3793]],[[64.9244,40.3793],[64.9243,40.3794]],[[64.9716,40.3395],[64.9646,40.3454]],[[64.9646,40.3454],[64.9645,40.3455]],[[65.0485,40.2743],[65.0441,40.2781]],[[65.0488,40.2741],[65.0485,40.2743]],[[65.2923,40.091],[65.3057,40.09]],[[65.2922,40.091],[65.2923,40.091]],[[65.306,40.0899],[65.3095,40.0897]],[[65.3057,40.09],[65.306,40.0899]],[[64.3543,39.7205],[64.3565,39.7206]],[[64.3565,39.7206],[64.3567,39.7207]],[[63.8376,39.4807],[63.8467,39.4964]],[[63.8376,39.4805],[63.8376,39.4807]],[[63.8336,39.4738],[63.8376,39.4805]],[[63.8336,39.4738],[63.8336,39.4738]],[[63.8319,39.4708],[63.8336,39.4738]],[[63.8318,39.4708],[63.8319,39.4708]],[[63.8306,39.4686],[63.8318,39.4708]],[[63.8305,39.4685],[63.8306,39.4686]],[[63.8288,39.4656],[63.8305,39.4685]],[[63.8288,39.4655],[63.8288,39.4656]],[[63.8279,39.464],[63.8288,39.4655]],[[63.8278,39.4639],[63.8279,39.464]],[[63.827,39.4624],[63.8278,39.4639]],[[63.8269,39.4623],[63.827,39.4624]],[[63.8231,39.4558],[63.8269,39.4623]],[[63.8231,39.4557],[63.8231,39.4558]],[[63.8201,39.4506],[63.8231,39.4557]],[[63.8201,39.4506],[63.8201,39.4506]],[[63.8183,39.4476],[63.8201,39.4506]],[[63.8183,39.4476],[63.8183,39.4476]],[[65.0675,39.3506],[65.0548,39.3628],[65.0011,39.3939]],[[65.0011,39.3939],[65.001,39.394]],[[65.091,39.3177],[65.085,39.3323]],[[65.091,39.3176],[65.091,39.3177]],[[65.1001,39.2941],[65.091,39.3176]],[[65.1002,39.2941],[65.1001,39.2941]],[[65.1453,39.2597],[65.1381,39.2642]],[[69.2497,40.2111],[69.26,40.2037]],[[65.1478,39.2582],[65.1453,39.2597]],[[65.7079,38.9548],[65.6972,38.9673]],[[65.6972,38.9673],[65.6971,38.9674]],[[65.7388,38.9291],[65.7367,38.9305]],[[65.7933,38.7973],[65.7931,38.7985]],[[65.7198,38.6674],[65.7238,38.6742]],[[65.7238,38.6742],[65.7239,38.6744]],[[67.5956,37.839],[67.5961,37.8395]],[[67.6318,37.8796],[67.654,37.9044],[67.6704,37.9174]],[[67.6318,37.8795],[67.6318,37.8796]],[[67.6706,37.9176],[67.6726,37.9191]],[[67.6726,37.9191],[67.6727,37.9192]],[[67.6727,37.9192],[67.6824,37.9269]],[[67.6824,37.9269],[67.6825,37.9269]],[[67.6825,37.9269],[67.6851,37.929]],[[67.6851,37.929],[67.6851,37.929]],[[67.6851,37.929],[67.6867,37.9302]],[[67.6867,37.9302],[67.6867,37.9302]],[[67.6867,37.9302],[67.6896,37.9326]],[[67.6896,37.9326],[67.6897,37.9326]],[[67.7175,37.9433],[67.7262,37.9462],[67.7407,37.9637]],[[67.7407,37.9637],[67.7407,37.9638]],[[67.7407,37.9638],[67.7414,37.9645]],[[67.7414,37.9645],[67.7414,37.9646]],[[67.7414,37.9646],[67.7442,37.9675]],[[67.7442,37.9675],[67.7442,37.9676]],[[67.7442,37.9676],[67.7459,37.9693]],[[67.7459,37.9693],[67.7459,37.9693]],[[67.7459,37.9693],[67.7515,37.9753]],[[67.7515,37.9753],[67.7516,37.9754]],[[67.7516,37.9754],[67.7533,37.9772]],[[67.7533,37.9772],[67.7533,37.9773]],[[67.7533,37.9773],[67.7578,37.9821]],[[67.7578,37.9821],[67.7579,37.9822]],[[67.7892,38.0168],[67.7898,38.0269],[67.796,38.0333]],[[67.796,38.0333],[67.7961,38.0333]],[[67.7961,38.0333],[67.7996,38.0365]],[[67.7996,38.0365],[67.7996,38.0365]],[[67.8057,38.042],[67.8126,38.0462]],[[67.8057,38.042],[67.8057,38.042]],[[67.813,38.0463],[67.8204,38.0496],[67.8239,38.0529]],[[67.8239,38.0529],[67.824,38.053]],[[67.8676,38.126],[67.8758,38.1316],[67.881,38.1404]],[[67.881,38.1404],[67.881,38.1405]],[[67.9064,38.2722],[67.9091,38.278],[67.9096,38.2838],[67.9162,38.2946],[67.9229,38.3016]],[[67.9229,38.3016],[67.9231,38.3018]],[[67.9231,38.3018],[67.9433,38.3221]],[[67.9433,38.3221],[67.9434,38.3222]],[[67.9434,38.3222],[67.9556,38.3343]],[[67.9556,38.3343],[67.9557,38.3345]],[[67.2563,37.2656],[67.2626,37.2573]],[[67.4011,37.2526],[67.398,37.2525]],[[67.425,37.2345],[67.4264,37.2324]],[[67.7983,37.1886],[67.7972,37.196]],[[67.2503,37.2734],[67.2561,37.2658]],[[67.2502,37.2735],[67.2503,37.2734]],[[67.0768,37.3959],[67.0981,37.3837]],[[67.0767,37.396],[67.0768,37.3959]],[[66.6665,37.3935],[66.6776,37.3949]],[[66.6776,37.3949],[66.6777,37.3949]],[[66.5217,37.3755],[66.5229,37.3756]],[[68.1324,40.6125],[68.1001,40.5838]],[[68.1326,40.6128],[68.1324,40.6125]],[[69.26,40.2037],[69.2638,40.2011]],[[69.26,40.2038],[69.264,40.2012]],[[68.6066,40.8258],[68.5964,40.828],[68.5869,40.8322]],[[68.5869,40.8322],[68.5868,40.8322]],[[70.9102,40.5247],[70.9107,40.5247]],[[70.9095,40.5247],[70.9102,40.5247]],[[70.9117,40.5248],[70.9202,40.5237]],[[70.9123,40.5248],[70.9192,40.524]],[[70.9107,40.5247],[70.9117,40.5248]],[[70.8096,40.4999],[70.8331,40.5073]],[[70.8331,40.5073],[70.8333,40.5074]],[[70.6559,40.4526],[70.6561,40.4527]],[[70.6527,40.4516],[70.6559,40.4526]],[[70.6525,40.4516],[70.6527,40.4516]],[[70.6386,40.4458],[70.6393,40.4461]],[[70.6385,40.4457],[70.6386,40.4458]],[[70.5995,40.4275],[70.6146,40.4336]],[[70.6146,40.4336],[70.6148,40.4337]],[[70.596,40.426],[70.5994,40.4274]],[[70.5994,40.4274],[70.5995,40.4275]],[[70.5834,40.4221],[70.596,40.426]],[[70.5833,40.4221],[70.5834,40.4221]],[[70.582,40.4217],[70.5833,40.4221]],[[70.5818,40.4217],[70.582,40.4217]],[[70.5728,40.4188],[70.5818,40.4217]],[[70.5727,40.4188],[70.5728,40.4188]],[[70.5516,40.4096],[70.5517,40.4096]],[[70.5228,40.4012],[70.5229,40.4013]],[[70.52,40.4004],[70.5228,40.4012]],[[70.5199,40.4004],[70.52,40.4004]],[[70.4561,40.3743],[70.4563,40.3745]],[[70.4563,40.3745],[70.4564,40.3746]],[[71.9319,40.3186],[71.9235,40.3223]],[[71.932,40.3186],[71.9319,40.3186]],[[71.9824,40.2939],[71.9821,40.2939]],[[72.0401,40.2766],[72.0228,40.2825]],[[72.4168,40.7669],[72.4166,40.7671]],[[72.5093,40.7339],[72.4989,40.7404],[72.4943,40.7415]],[[72.4766,40.7495],[72.4765,40.7495]],[[72.4855,40.7437],[72.4818,40.7474],[72.4766,40.7495]],[[72.4856,40.7437],[72.4855,40.7437]],[[72.4942,40.7415],[72.4889,40.7417],[72.4856,40.7437]],[[72.4943,40.7415],[72.4942,40.7415]],[[72.5662,40.7222],[72.5451,40.7297]],[[72.5664,40.7221],[72.5662,40.7222]],[[72.8438,40.7116],[72.8437,40.7116]],[[72.9249,40.7285],[72.925,40.7283]],[[72.9697,40.7885],[72.9691,40.786]],[[72.9691,40.786],[72.969,40.7857]],[[72.9735,40.8037],[72.9746,40.8082]],[[60.1541,42.1224],[60.1471,42.0562],[60.1662,42.036],[60.2025,42.0194]],[[60.2025,42.0194],[60.2034,42.019]],[[60.0983,42.2236],[60.0961,42.2204],[60.096,42.2154]],[[60.096,42.2154],[60.096,42.215]],[[60.2034,42.019],[60.2409,42.0022],[60.2466,41.9982],[60.2596,41.9719],[60.2596,41.9665]],[[60.2596,41.9665],[60.2594,41.9659]],[[60.2667,41.7119],[60.2688,41.7108]],[[60.1174,42.2815],[60.1478,42.2705],[60.1769,42.2678],[60.1967,42.2568],[60.2289,42.2523],[60.2416,42.2448],[60.2666,42.2368],[60.3006,42.2116],[60.3383,42.1513],[60.3479,42.1454],[60.3601,42.1326]],[[60.096,42.215],[60.0968,42.2098]],[[60.0968,42.2098],[60.0969,42.2097]],[[60.1037,42.2025],[60.1347,42.1764],[60.1374,42.1714],[60.1372,42.165]],[[60.149,42.1343],[60.1492,42.1341]],[[60.0969,42.2097],[60.1037,42.2026]],[[60.1037,42.2026],[60.1037,42.2025]],[[60.1371,42.1646],[60.1362,42.1555],[60.1373,42.1504],[60.149,42.1343]],[[60.1372,42.165],[60.1371,42.1646]],[[60.1492,42.1341],[60.1532,42.1285],[60.1541,42.1226]],[[60.1541,42.1226],[60.1541,42.1224]],[[61.2677,41.3762],[61.2688,41.3749]],[[61.2679,41.3759],[61.2676,41.3762]],[[61.2772,41.3622],[61.3072,41.3312]],[[61.3072,41.3312],[61.319,41.3198],[61.3183,41.3157]],[[65.7367,38.9305],[65.7361,38.9309]],[[72.8533,40.7086],[72.8438,40.7116]]]}},{"type":"Feature","properties":{"u":"b","e":1},"geometry":{"type":"MultiLineString","coordinates":[[[66.2322,38.6335],[66.2486,38.6331],[66.2656,38.6365],[66.2865,38.6512]],[[66.62,38.9393],[66.628,38.9462]],[[71.7296,40.445],[71.7261,40.4416],[71.7266,40.4375]],[[66.8024,39.0705],[66.8319,39.0788],[66.8368,39.086],[66.8377,39.0944]],[[66.7667,39.0615],[66.8024,39.0705]],[[66.7665,39.0614],[66.7667,39.0615]],[[66.7521,39.0578],[66.7665,39.0614]],[[66.6987,39.008],[66.712,39.0244]],[[66.6852,38.9905],[66.6926,39.0002]],[[66.7236,39.0348],[66.7379,39.0477]],[[66.6566,38.9679],[66.6671,38.9758]],[[66.6515,38.964],[66.6566,38.9679]],[[66.6514,38.9639],[66.6515,38.964]],[[66.6365,38.9526],[66.6514,38.9639]],[[66.6363,38.9525],[66.6365,38.9526]],[[66.628,38.9462],[66.6363,38.9525]],[[66.6199,38.9392],[66.62,38.9393]],[[66.6092,38.9292],[66.6199,38.9392]],[[66.6091,38.9292],[66.6092,38.9292]],[[66.6,38.9122],[66.6,38.916]],[[66.5979,38.9042],[66.5999,38.9084]],[[66.5781,38.8936],[66.5979,38.9042]],[[66.5735,38.8913],[66.578,38.8935]],[[66.5526,38.8812],[66.5735,38.8913]],[[66.5358,38.8729],[66.536,38.873]],[[66.5238,38.8672],[66.5358,38.8729]],[[66.5214,38.866],[66.5238,38.8672]],[[66.5114,38.8611],[66.5214,38.866]],[[66.5005,38.8558],[66.5054,38.8581]],[[66.6,38.916],[66.6,38.9166]],[[66.6,38.9166],[66.6017,38.9221],[66.6091,38.9292]],[[66.712,39.0244],[66.7144,39.0266]],[[66.7144,39.0266],[66.7148,39.0269]],[[66.7148,39.0269],[66.7236,39.0348]],[[66.7424,39.0517],[66.7521,39.0578]],[[66.4974,38.8542],[66.5005,38.8558]],[[66.4823,38.8469],[66.495,38.8531]],[[66.4783,38.8449],[66.4823,38.8469]],[[66.4677,38.8338],[66.4783,38.8449]],[[66.4674,38.8335],[66.4677,38.8338]],[[66.4543,38.8175],[66.4674,38.8335]],[[66.4417,38.8021],[66.4543,38.8175]],[[66.4298,38.7876],[66.4299,38.7877]],[[66.4226,38.7789],[66.4298,38.7876]],[[66.4088,38.7655],[66.4226,38.7788]],[[66.4031,38.7603],[66.4088,38.7655]],[[66.403,38.7602],[66.4031,38.7603]],[[66.3755,38.7351],[66.403,38.7602]],[[66.3619,38.7224],[66.362,38.7225]],[[66.3376,38.6994],[66.3619,38.7224]],[[66.3375,38.6992],[66.3376,38.6994]],[[66.3313,38.6934],[66.3375,38.6992]],[[66.3311,38.6931],[66.3313,38.6934]],[[66.3222,38.6847],[66.3311,38.6931]],[[66.1306,38.6619],[66.2021,38.645],[66.2252,38.6347],[66.2315,38.6335]],[[66.1149,38.666],[66.1151,38.666]],[[66.2315,38.6335],[66.2322,38.6335]],[[71.7548,40.3951],[71.7468,40.3925],[71.7421,40.3926],[71.7322,40.4019],[71.7303,40.4112],[71.734,40.4189],[71.73,40.4247]],[[71.728,40.4269],[71.7281,40.4326]],[[71.7281,40.4326],[71.7276,40.436],[71.7246,40.4393],[71.7167,40.4399]],[[68.8266,40.2114],[68.8325,40.2103],[68.8405,40.2056]],[[68.8405,40.2056],[68.8476,40.2039],[68.8546,40.2062]],[[68.8566,40.2073],[68.8646,40.2109]],[[68.8473,40.2244],[68.8565,40.2102]],[[68.8405,40.2056],[68.8519,40.2094]],[[68.8565,40.2099],[68.8546,40.2062]],[[68.8565,40.2102],[68.8565,40.2099]],[[66.0601,38.6746],[66.0855,38.6689],[66.1004,38.6702],[66.1149,38.666]],[[64.5624,39.7334],[64.571,39.7414]],[[66.7379,39.0477],[66.7383,39.0481]],[[66.7383,39.0481],[66.7424,39.0517]],[[71.7614,40.3973],[71.7548,40.3951]],[[66.2865,38.6512],[66.2866,38.6513]],[[60.4479,41.4187],[60.4367,41.4123],[60.4307,41.4064],[60.4227,41.3895],[60.4203,41.3777],[60.417,41.3729],[60.4111,41.3699],[60.3949,41.3659],[60.3895,41.3662],[60.3843,41.3686]],[[60.4484,41.419],[60.4479,41.4187]],[[60.602,41.5383],[60.5875,41.5394],[60.5763,41.5429],[60.5696,41.5427],[60.5612,41.5383],[60.5586,41.5312]],[[60.5599,41.5216],[60.5605,41.5144],[60.5584,41.5095],[60.5391,41.496]],[[60.5598,41.5224],[60.5599,41.5216]],[[60.5382,41.4954],[60.5113,41.4773],[60.4815,41.447]],[[60.5391,41.496],[60.5382,41.4954]],[[60.379,41.373],[60.377,41.3771],[60.3778,41.3813]],[[60.602,41.5383],[60.6388,41.5359]],[[60.3778,41.3815],[60.3778,41.3818]],[[60.3778,41.3813],[60.3778,41.3815]],[[71.73,40.4247],[71.7281,40.4267]],[[71.7281,40.4267],[71.728,40.4269]],[[60.4811,41.4467],[60.4623,41.4275],[60.4484,41.419]],[[60.4815,41.447],[60.4811,41.4467]],[[60.5588,41.5297],[60.5598,41.5224]],[[60.5586,41.5312],[60.5588,41.5297]],[[66.1151,38.666],[66.1303,38.662]],[[66.1303,38.662],[66.1306,38.6619]],[[67.3229,37.2578],[67.3161,37.2609],[67.3148,37.264],[67.3164,37.2671]],[[64.5604,39.7317],[64.5618,39.7328]],[[64.5618,39.7328],[64.5622,39.7332]],[[66.2866,38.6513],[66.2944,38.6583]],[[66.2944,38.6583],[66.2945,38.6584]],[[66.2945,38.6584],[66.3073,38.6706]],[[66.3073,38.6706],[66.3075,38.6708]],[[66.3075,38.6708],[66.3133,38.6762]],[[66.3133,38.6762],[66.3134,38.6764]],[[66.3134,38.6764],[66.3221,38.6846]],[[66.3221,38.6846],[66.3222,38.6847]],[[66.362,38.7225],[66.3754,38.735]],[[66.3754,38.735],[66.3755,38.7351]],[[66.4299,38.7877],[66.4416,38.802]],[[66.4416,38.802],[66.4417,38.8021]],[[66.495,38.8531],[66.4972,38.8542]],[[66.4972,38.8542],[66.4974,38.8542]],[[66.5054,38.8581],[66.5112,38.861]],[[66.5112,38.861],[66.5114,38.8611]],[[66.536,38.873],[66.5524,38.8811]],[[66.5524,38.8811],[66.5526,38.8812]],[[66.578,38.8935],[66.5781,38.8936]],[[66.5999,38.9084],[66.6,38.9121]],[[66.6,38.9121],[66.6,38.9122]],[[66.6671,38.9758],[66.6789,38.9848]],[[66.6789,38.9848],[66.679,38.9849]],[[66.679,38.9849],[66.6852,38.9904]],[[66.6852,38.9904],[66.6852,38.9905]],[[66.6926,39.0002],[66.6986,39.0079]],[[66.6986,39.0079],[66.6987,39.008]],[[68.8463,40.2264],[68.8472,40.2245]],[[68.8472,40.2245],[68.8473,40.2244]],[[68.8566,40.2073],[68.8555,40.2067]],[[68.855,40.2065],[68.8555,40.2067]],[[68.8521,40.2095],[68.8562,40.21]],[[68.8519,40.2094],[68.8521,40.2095]],[[72.2109,40.6579],[72.2023,40.6532]],[[72.3575,40.8189],[72.3539,40.8095]],[[72.3539,40.8095],[72.3537,40.809]],[[67.2296,39.4395],[67.2433,39.4435],[67.2563,39.4419],[67.2622,39.4452],[67.2906,39.4485],[67.3046,39.4534],[67.311,39.4539],[67.3474,39.4671],[67.3518,39.4736],[67.3694,39.4893],[67.3762,39.5002],[67.3851,39.5189],[67.3846,39.5295],[67.3881,39.5367],[67.3872,39.5451],[67.3845,39.5475],[67.3716,39.5515],[67.3335,39.5533],[67.3046,39.5622],[67.2721,39.5643],[67.2549,39.5718],[67.2382,39.5833],[67.2015,39.5956],[67.1899,39.6061],[67.1603,39.6258],[67.1515,39.6301],[67.1274,39.6378],[67.1106,39.6483],[67.0863,39.6602],[67.0805,39.6646],[67.0774,39.6708],[67.0702,39.6784],[67.0589,39.686],[67.0559,39.6898],[67.0526,39.6903]],[[69.5426,41.4014],[69.5434,41.3997]],[[60.3843,41.3686],[60.379,41.373]]]}},{"type":"Feature","properties":{"u":"b","e":0},"geometry":{"type":"MultiLineString","coordinates":[[[59.5594,42.2895],[59.5467,42.3019],[59.5493,42.3141]],[[59.77,42.7381],[59.772,42.7428],[59.7739,42.7788],[59.7758,42.789]],[[59.7419,42.6129],[59.7424,42.6145]],[[72.0981,41.1283],[72.0877,41.1248],[72.0847,41.1206]],[[72.0984,41.1283],[72.0995,41.1285]],[[72.0999,41.1285],[72.1049,41.13],[72.1137,41.137],[72.1672,41.1623],[72.1727,41.1702]],[[64.3805,40.9731],[64.3917,40.9836],[64.3939,40.9887],[64.3926,40.9979],[64.3819,41.0104],[64.3786,41.0196],[64.3798,41.0227],[64.4711,41.0725],[64.5406,41.116],[64.5426,41.1242],[64.5394,41.1489],[64.5484,41.1593],[64.5627,41.1704],[64.5651,41.1751],[64.5729,41.1825],[64.5728,41.1991],[64.5788,41.2046],[64.5836,41.2121],[64.594,41.2192],[64.5966,41.2249],[64.5959,41.2291],[64.5838,41.241]],[[59.649,42.4427],[59.6505,42.4439]],[[65.7918,38.7888],[65.7933,38.7973]],[[72.2023,40.6532],[72.1944,40.6526],[72.1638,40.6688]],[[72.0615,40.7044],[72.0556,40.7041]],[[72.1521,40.6756],[72.1412,40.6843],[72.1147,40.6908],[72.0937,40.704],[72.0807,40.7075]],[[72.1638,40.6688],[72.1521,40.6756]],[[72.4758,40.8946],[72.4687,40.8843],[72.4342,40.8738],[72.4059,40.8524],[72.3791,40.8351],[72.3769,40.8315]],[[72.4822,40.9049],[72.4814,40.9035]],[[72.4814,40.9035],[72.4771,40.8969]],[[63.936,41.5986],[63.9371,41.6132],[63.9408,41.6161],[63.9456,41.6164],[63.9998,41.6088],[64.02,41.5998],[64.0304,41.5987],[64.1546,41.5665],[64.1691,41.5676]],[[64.385,41.5284],[64.4006,41.5303],[64.4126,41.5274],[64.4312,41.5263],[64.4472,41.5312],[64.4571,41.5326],[64.4803,41.5315],[64.4869,41.5294]],[[63.7113,42.0596],[63.7073,42.0651],[63.7008,42.0685],[63.6998,42.074],[63.694,42.0789],[63.6734,42.115],[63.6687,42.1173],[63.6571,42.1175]],[[66.375,39.6896],[66.3722,39.6816]],[[66.3722,39.6816],[66.3646,39.6636]],[[66.4014,39.7256],[66.375,39.6896]],[[66.4023,39.7371],[66.403,39.7296],[66.4014,39.7256]],[[72.9746,40.8082],[72.9774,40.8163],[72.9912,40.8236],[72.9974,40.8339]],[[66.2984,39.6084],[66.2977,39.6078]],[[66.3646,39.6636],[66.3647,39.6633]],[[66.3448,39.6247],[66.3429,39.6206],[66.3342,39.6161],[66.329,39.6167],[66.3204,39.6219],[66.3029,39.6175],[66.2995,39.6146],[66.2984,39.6084]],[[66.2977,39.6078],[66.2864,39.6053]],[[72.0803,40.7076],[72.0755,40.7085],[72.0695,40.7065]],[[72.0807,40.7075],[72.0803,40.7076]],[[64.1691,41.5676],[64.1815,41.5679],[64.1987,41.5574],[64.2111,41.5458],[64.2314,41.5371],[64.2398,41.5298],[64.2577,41.528],[64.2659,41.5251],[64.2849,41.5245],[64.2948,41.5226],[64.3104,41.5271],[64.3367,41.5308],[64.3614,41.5273],[64.385,41.5284]],[[66.2864,39.6053],[66.2756,39.6044],[66.2747,39.6061],[66.2772,39.6111]],[[63.7356,42.014],[63.7172,42.0512],[63.7113,42.0596]],[[64.5716,39.7421],[64.5744,39.7434],[64.5773,39.7421],[64.5758,39.7366]],[[64.5416,39.7167],[64.5371,39.7153],[64.5326,39.7163],[64.5211,39.7277],[64.5149,39.7296]],[[64.5146,39.7297],[64.4987,39.733],[64.4787,39.7446]],[[64.5149,39.7296],[64.5146,39.7297]],[[72.4875,40.931],[72.4866,40.9289]],[[72.4866,40.9289],[72.4849,40.924],[72.4869,40.9138],[72.4822,40.9049]],[[59.8197,42.9281],[59.8114,42.9183]],[[59.7954,42.8848],[59.8044,42.9097],[59.8114,42.9183]],[[59.6399,42.4352],[59.6486,42.4424]],[[65.8044,38.4626],[65.784,38.4721],[65.7535,38.4776],[65.7506,38.4798],[65.7462,38.4892],[65.7413,38.4928],[65.7243,38.4931]],[[72.0692,40.7063],[72.0615,40.7044]],[[72.0695,40.7065],[72.0692,40.7063]],[[59.6505,42.4439],[59.6513,42.4446]],[[59.6564,42.4558],[59.6687,42.4733],[59.6792,42.5015],[59.7275,42.5729]],[[66.6842,37.5335],[66.6924,37.5476],[66.6984,37.5534],[66.6963,37.5563],[66.6883,37.5577],[66.689,37.5629]],[[59.7356,42.5887],[59.7419,42.6129]],[[59.7355,42.5884],[59.7356,42.5887]],[[59.7334,42.5823],[59.7355,42.5884]],[[59.7275,42.5729],[59.7277,42.5732]],[[66.6407,37.6702],[66.6493,37.6719]],[[66.6493,37.6719],[66.6565,37.6736],[66.6596,37.6708],[66.6541,37.6619],[66.6515,37.6501],[66.6455,37.6454],[66.6459,37.6431],[66.6519,37.638],[66.646,37.6281],[66.6506,37.6213],[66.6529,37.6085],[66.664,37.5787],[66.6593,37.5644],[66.6621,37.5625],[66.6674,37.5636]],[[59.7758,42.789],[59.7758,42.7895]],[[59.6553,42.4507],[59.6564,42.4558]],[[59.6513,42.4446],[59.6553,42.4507]],[[59.6341,42.4211],[59.6347,42.4208]],[[64.4787,39.7446],[64.458,39.7535]],[[59.7893,42.8605],[59.7894,42.8607]],[[59.7821,42.8201],[59.7872,42.8339],[59.7869,42.8474],[59.7893,42.8605]],[[59.782,42.8199],[59.7821,42.8201]],[[59.7787,42.8049],[59.782,42.8199]],[[66.3993,39.7408],[66.4023,39.7371]],[[66.6959,37.4348],[66.6851,37.4574],[66.685,37.4657],[66.6789,37.4812]],[[66.6789,37.4812],[66.6786,37.4819]],[[59.7332,42.5822],[59.7334,42.5823]],[[59.7277,42.5732],[59.7332,42.5822]],[[59.7779,42.8002],[59.7779,42.8004]],[[59.7758,42.7895],[59.7779,42.8002]],[[66.3447,39.6253],[66.3448,39.6247]],[[66.3647,39.6633],[66.3642,39.6591],[66.3444,39.6309],[66.3447,39.6253]],[[65.6408,38.4583],[65.6406,38.4582]],[[65.6406,38.4582],[65.634,38.4453]],[[66.7252,37.4009],[66.7249,37.4009]],[[66.7382,37.4025],[66.7252,37.4009]],[[66.7174,37.4012],[66.7172,37.4013]],[[66.7249,37.4009],[66.7174,37.4012]],[[59.6391,42.4346],[59.6399,42.4352]],[[59.6486,42.4424],[59.649,42.4427]],[[59.7424,42.6145],[59.7567,42.6704]],[[59.7567,42.6704],[59.7567,42.6707]],[[59.7567,42.6707],[59.7587,42.6877]],[[59.7587,42.6877],[59.7587,42.6879]],[[59.7587,42.6879],[59.7619,42.7146],[59.7696,42.7376]],[[59.7696,42.7376],[59.77,42.7381]],[[59.7779,42.8004],[59.7787,42.8045]],[[59.7787,42.8045],[59.7787,42.8049]],[[59.7894,42.8607],[59.7952,42.8845]],[[59.7952,42.8845],[59.7954,42.8848]],[[63.6571,42.1175],[63.6458,42.1176]],[[64.5035,41.5296],[64.4869,41.5294]],[[64.2495,41.2985],[64.2121,41.2957],[64.1899,41.2832],[64.1778,41.2797],[64.133,41.2588],[64.1137,41.2627]],[[64.5427,39.7176],[64.5416,39.7167]],[[64.571,39.7414],[64.5716,39.7421]],[[64.5622,39.7332],[64.5624,39.7334]],[[64.458,39.7535],[64.4571,39.7539]],[[65.7239,38.493],[65.6408,38.4583]],[[65.7243,38.4931],[65.7239,38.493]],[[66.7172,37.4013],[66.7032,37.4197]],[[66.7032,37.4197],[66.7031,37.4199]],[[66.7031,37.42],[66.703,37.4202]],[[66.7031,37.4199],[66.7031,37.42]],[[66.703,37.4202],[66.6962,37.4343]],[[66.6962,37.4343],[66.6961,37.4344]],[[66.6961,37.4344],[66.696,37.4346]],[[66.696,37.4346],[66.6959,37.4348]],[[66.6786,37.4819],[66.6773,37.4916],[66.6714,37.4954],[66.6707,37.4975],[66.6744,37.5027],[66.6748,37.507],[66.6787,37.5097],[66.6787,37.5141],[66.6817,37.5174],[66.6822,37.5218],[66.6863,37.5283],[66.6845,37.5328]],[[66.6845,37.5328],[66.6842,37.5335]],[[66.6845,37.5657],[66.6753,37.564]],[[66.689,37.5629],[66.6889,37.5637]],[[66.6889,37.5637],[66.6852,37.5657]],[[66.6852,37.5657],[66.6845,37.5657]],[[66.6749,37.5641],[66.6718,37.565],[66.6674,37.5636]],[[66.6753,37.564],[66.6749,37.5641]],[[66.6407,37.6702],[66.6384,37.6699]],[[72.3768,40.8296],[72.3753,40.8266],[72.3709,40.824]],[[72.4759,40.8947],[72.4758,40.8946]],[[72.477,40.8966],[72.4759,40.8947]],[[72.4771,40.8969],[72.477,40.8966]],[[72.4889,40.9341],[72.4875,40.931]],[[72.0847,41.1206],[72.0847,41.1199]],[[72.0981,41.1283],[72.0984,41.1283]],[[72.0995,41.1285],[72.0999,41.1285]],[[72.3652,40.8232],[72.3609,40.8218]],[[72.3709,40.824],[72.3669,40.8236]],[[72.3669,40.8236],[72.3652,40.8232]],[[72.3609,40.8218],[72.3576,40.819]],[[72.3576,40.819],[72.3575,40.8189]],[[72.9974,40.8339],[72.9985,40.8372]],[[60.6754,41.5537],[60.6664,41.5628],[60.6567,41.5681],[60.6346,41.5839]],[[60.6639,41.5269],[60.6687,41.5251],[60.6737,41.5265],[60.6876,41.5247],[60.6914,41.5256],[60.6943,41.5302],[60.6859,41.5405]],[[60.6859,41.5405],[60.6836,41.5433]],[[60.6836,41.5433],[60.679,41.5493]],[[60.679,41.5493],[60.6784,41.5501]],[[60.6784,41.5501],[60.6762,41.5528]],[[60.6762,41.5528],[60.6754,41.5537]],[[60.6344,41.5838],[60.6367,41.5821]]]}}]}